DATE (MM/DD/YYYY),MST,Avg Wind Speed @ 5m [m/s],Avg Wind Direction @ 5m [deg]
1/1/2013,0:00,0.33587,229.98
1/1/2013,0:01,0.27325,218.1
1/1/2013,0:02,0.44691,232.68
1/1/2013,0:03,0.34274,202.39
1/1/2013,0:04,0.45211,199.07
1/1/2013,0:05,0.80473,208.18
1/1/2013,0:06,0.40671,194.08
1/1/2013,0:07,1.1355,178.39
1/1/2013,0:08,1.2161,164.8
1/1/2013,0:09,1.483,166.73
1/1/2013,0:10,1.6974,174.82
1/1/2013,0:11,1.6435,178.39
1/1/2013,0:12,1.4404,178.15
1/1/2013,0:13,1.1691,181.12
1/1/2013,0:14,0.85392,178.82
1/1/2013,0:15,0.86955,188.87
1/1/2013,0:16,0.73601,193.96
1/1/2013,0:17,0.89045,195.84
1/1/2013,0:18,1.0743,201.65
1/1/2013,0:19,1.2537,199
1/1/2013,0:20,1.2714,199.34
1/1/2013,0:21,1.5957,198.87
1/1/2013,0:22,1.7325,203.68
1/1/2013,0:23,1.6346,199.43
1/1/2013,0:24,1.5657,193.6
1/1/2013,0:25,1.7591,188.87
1/1/2013,0:26,1.8271,187.51
1/1/2013,0:27,1.7517,190.78
1/1/2013,0:28,1.6517,196.81
1/1/2013,0:29,1.5465,198.55
1/1/2013,0:30,1.2616,195.17
1/1/2013,0:31,1.1214,191.24
1/1/2013,0:32,1.131,190.64
1/1/2013,0:33,1.192,191.42
1/1/2013,0:34,1.2617,190.25
1/1/2013,0:35,1.2551,188.52
1/1/2013,0:36,1.136,189.61
1/1/2013,0:37,0.94234,195.74
1/1/2013,0:38,0.67681,197.93
1/1/2013,0:39,0.28162,198.01
1/1/2013,0:40,0.53838,267.57
1/1/2013,0:41,0.40541,279.06
1/1/2013,0:42,0.73202,280.32
1/1/2013,0:43,1.2267,271.53
1/1/2013,0:44,1.3232,255.51
1/1/2013,0:45,1.0883,257.71
1/1/2013,0:46,0.76984,237.74
1/1/2013,0:47,1.3329,225.69
1/1/2013,0:48,1.2888,219.53
1/1/2013,0:49,1.6828,215.55
1/1/2013,0:50,1.6924,219.54
1/1/2013,0:51,1.2749,218.54
1/1/2013,0:52,0.93566,212.24
1/1/2013,0:53,0.77953,217.93
1/1/2013,0:54,1.6163,234.88
1/1/2013,0:55,1.6507,226.73
1/1/2013,0:56,1.8047,215.82
1/1/2013,0:57,1.9051,218.17
1/1/2013,0:58,1.4301,214.02
1/1/2013,0:59,1.1665,212.78
1/1/2013,1:00,1.2335,202.75
1/1/2013,1:01,1.1836,192.79
1/1/2013,1:02,0.90027,197.64
1/1/2013,1:03,0.82366,195.87
1/1/2013,1:04,1.0247,213.37
1/1/2013,1:05,0.95056,213.66
1/1/2013,1:06,0.75053,208.41
1/1/2013,1:07,0.69713,203.99
1/1/2013,1:08,0.68901,208.15
1/1/2013,1:09,0.58479,208.36
1/1/2013,1:10,0.45465,197.9
1/1/2013,1:11,0.59191,216.47
1/1/2013,1:12,0.81069,238.03
1/1/2013,1:13,0.48717,235.68
1/1/2013,1:14,0.39566,229.58
1/1/2013,1:15,0.3759,223.03
1/1/2013,1:16,0.80881,231.11
1/1/2013,1:17,0.95146,229.59
1/1/2013,1:18,0.8993,236.5
1/1/2013,1:19,0.88064,239.95
1/1/2013,1:20,0.82038,237.2
1/1/2013,1:21,1.0398,242.85
1/1/2013,1:22,1.0367,238.56
1/1/2013,1:23,0.90432,238.27
1/1/2013,1:24,0.52769,232.79
1/1/2013,1:25,0.58146,233.88
1/1/2013,1:26,1.1408,240.69
1/1/2013,1:27,1.2641,244.34
1/1/2013,1:28,1.2155,240.99
1/1/2013,1:29,1.1681,240.11
1/1/2013,1:30,1.0611,229.49
1/1/2013,1:31,1.1445,231.27
1/1/2013,1:32,1.1601,233.16
1/1/2013,1:33,0.98074,221.47
1/1/2013,1:34,0.84533,224.39
1/1/2013,1:35,0.71082,227.7
1/1/2013,1:36,1.0167,232.88
1/1/2013,1:37,1.0155,214.57
1/1/2013,1:38,0.90518,199.62
1/1/2013,1:39,0.8879,244.54
1/1/2013,1:40,0.59424,238.33
1/1/2013,1:41,0.85397,238.35
1/1/2013,1:42,0.63316,249.6
1/1/2013,1:43,0.69053,246.72
1/1/2013,1:44,0.33187,256.26
1/1/2013,1:45,0.27341,241.47
1/1/2013,1:46,0.27304,244.06
1/1/2013,1:47,0.55671,230.83
1/1/2013,1:48,0.83166,223.91
1/1/2013,1:49,1.032,232.11
1/1/2013,1:50,0.62185,231.75
1/1/2013,1:51,0.36095,235.28
1/1/2013,1:52,0.28447,248.11
1/1/2013,1:53,0.32334,288.25
1/1/2013,1:54,0.46037,305.64
1/1/2013,1:55,0.39298,331.03
1/1/2013,1:56,0.69137,320.64
1/1/2013,1:57,1.1179,332.21
1/1/2013,1:58,1.1461,331.91
1/1/2013,1:59,1.3207,346.79
1/1/2013,2:00,1.5381,348.55
1/1/2013,2:01,1.1811,353.05
1/1/2013,2:02,1.3901,346.75
1/1/2013,2:03,1.5752,352.25
1/1/2013,2:04,1.7939,348.24
1/1/2013,2:05,1.7641,346.61
1/1/2013,2:06,1.5656,352.63
1/1/2013,2:07,1.4596,351.34
1/1/2013,2:08,1.4288,346.75
1/1/2013,2:09,1.5166,341.82
1/1/2013,2:10,1.8057,326.65
1/1/2013,2:11,1.3669,297.4
1/1/2013,2:12,1.3085,281.82
1/1/2013,2:13,1.3905,270.58
1/1/2013,2:14,1.4547,275.74
1/1/2013,2:15,1.3609,272.14
1/1/2013,2:16,1.3407,275.41
1/1/2013,2:17,1.3224,284.36
1/1/2013,2:18,1.4012,290.73
1/1/2013,2:19,1.3449,289.01
1/1/2013,2:20,1.4294,292.17
1/1/2013,2:21,1.6026,292.64
1/1/2013,2:22,1.4268,295.94
1/1/2013,2:23,1.2584,296.05
1/1/2013,2:24,1.274,292.69
1/1/2013,2:25,1.2243,292.57
1/1/2013,2:26,1.2452,293.78
1/1/2013,2:27,1.3828,302.17
1/1/2013,2:28,1.507,310.26
1/1/2013,2:29,1.6392,318.8
1/1/2013,2:30,1.6689,319.07
1/1/2013,2:31,1.3591,320.67
1/1/2013,2:32,1.1672,325.64
1/1/2013,2:33,1.4048,326.07
1/1/2013,2:34,1.4646,329.53
1/1/2013,2:35,1.2075,323.53
1/1/2013,2:36,1.6421,334.67
1/1/2013,2:37,2.0727,342.79
1/1/2013,2:38,1.8469,332.7
1/1/2013,2:39,2.0623,332.8
1/1/2013,2:40,1.8105,332.13
1/1/2013,2:41,2.284,335.25
1/1/2013,2:42,2.0944,343.77
1/1/2013,2:43,2.3281,338.14
1/1/2013,2:44,2.4357,344.74
1/1/2013,2:45,2.0689,340.82
1/1/2013,2:46,2.2471,341.11
1/1/2013,2:47,2.237,337.27
1/1/2013,2:48,2.4988,337.65
1/1/2013,2:49,1.978,337.57
1/1/2013,2:50,2.1251,338.79
1/1/2013,2:51,2.1104,338.3
1/1/2013,2:52,2.2884,336.07
1/1/2013,2:53,1.5772,338.09
1/1/2013,2:54,1.6087,333.02
1/1/2013,2:55,1.3649,334.86
1/1/2013,2:56,1.656,329.03
1/1/2013,2:57,1.2745,330.88
1/1/2013,2:58,1.2643,334.3
1/1/2013,2:59,1.1116,333.1
1/1/2013,3:00,1.1869,325.09
1/1/2013,3:01,1.0341,323.58
1/1/2013,3:02,0.94907,313.45
1/1/2013,3:03,0.80525,311.28
1/1/2013,3:04,0.81973,305.4
1/1/2013,3:05,0.96727,305.4
1/1/2013,3:06,0.93488,308.61
1/1/2013,3:07,0.7835,299.47
1/1/2013,3:08,1.0085,308.51
1/1/2013,3:09,1.3259,314.71
1/1/2013,3:10,1.2699,309.71
1/1/2013,3:11,1.3283,318.71
1/1/2013,3:12,1.3018,315.94
1/1/2013,3:13,1.5646,327.01
1/1/2013,3:14,1.6344,334.18
1/1/2013,3:15,1.9172,337.35
1/1/2013,3:16,1.5306,333.85
1/1/2013,3:17,1.6763,330.07
1/1/2013,3:18,1.6597,328.62
1/1/2013,3:19,1.3581,333.79
1/1/2013,3:20,1.5012,329.89
1/1/2013,3:21,1.2955,338.55
1/1/2013,3:22,1.4096,344
1/1/2013,3:23,1.4088,352.4
1/1/2013,3:24,1.4457,349.21
1/1/2013,3:25,1.4352,351.41
1/1/2013,3:26,1.4582,348.96
1/1/2013,3:27,1.4187,350.64
1/1/2013,3:28,1.4632,348.84
1/1/2013,3:29,1.5464,347.71
1/1/2013,3:30,1.6447,356.22
1/1/2013,3:31,1.3749,1.808
1/1/2013,3:32,1.195,1.6529
1/1/2013,3:33,1.3494,0.08465
1/1/2013,3:34,1.1467,349.58
1/1/2013,3:35,1.45,345.92
1/1/2013,3:36,0.99101,348.67
1/1/2013,3:37,1.3071,343.47
1/1/2013,3:38,1.1409,341.95
1/1/2013,3:39,1.0832,343.06
1/1/2013,3:40,1.1908,344.35
1/1/2013,3:41,1.3031,339.77
1/1/2013,3:42,1.1335,329.64
1/1/2013,3:43,1.1261,329.11
1/1/2013,3:44,1.0189,325.11
1/1/2013,3:45,0.92996,336.62
1/1/2013,3:46,1.0452,334.4
1/1/2013,3:47,1.0587,340.4
1/1/2013,3:48,1.1338,344.59
1/1/2013,3:49,1.2052,346.02
1/1/2013,3:50,1.2663,354.55
1/1/2013,3:51,1.3368,353.02
1/1/2013,3:52,1.2012,348.15
1/1/2013,3:53,1.2644,343.64
1/1/2013,3:54,1.0461,339.28
1/1/2013,3:55,1.1427,328.4
1/1/2013,3:56,1.0515,331.32
1/1/2013,3:57,1.1371,328.77
1/1/2013,3:58,1.2473,334.16
1/1/2013,3:59,1.1293,329.95
1/1/2013,4:00,1.2285,329.53
1/1/2013,4:01,1.0598,325.25
1/1/2013,4:02,1.2454,322.1
1/1/2013,4:03,1.2567,318.93
1/1/2013,4:04,1.3055,319.89
1/1/2013,4:05,1.4467,321.25
1/1/2013,4:06,1.3093,317.61
1/1/2013,4:07,1.7585,317.62
1/1/2013,4:08,2.0497,318.41
1/1/2013,4:09,2.1684,317.21
1/1/2013,4:10,2.052,310.71
1/1/2013,4:11,2.0435,316.72
1/1/2013,4:12,1.5363,300.51
1/1/2013,4:13,1.7349,303.03
1/1/2013,4:14,1.9719,305.77
1/1/2013,4:15,1.4799,290.87
1/1/2013,4:16,1.2848,285.87
1/1/2013,4:17,1.766,289.78
1/1/2013,4:18,1.499,279.84
1/1/2013,4:19,1.4427,279.79
1/1/2013,4:20,1.9827,282.76
1/1/2013,4:21,1.9138,277.97
1/1/2013,4:22,2.0433,289.3
1/1/2013,4:23,1.6033,292.09
1/1/2013,4:24,1.8276,289.21
1/1/2013,4:25,1.8403,288.99
1/1/2013,4:26,1.5198,298.36
1/1/2013,4:27,1.5293,285.69
1/1/2013,4:28,1.0327,269.16
1/1/2013,4:29,1.3861,260.72
1/1/2013,4:30,1.1787,270.82
1/1/2013,4:31,1.1275,268.37
1/1/2013,4:32,1.0374,243.83
1/1/2013,4:33,1.1369,278.5
1/1/2013,4:34,1.1092,259.04
1/1/2013,4:35,0.79984,251.95
1/1/2013,4:36,0.66093,249.77
1/1/2013,4:37,0.32861,224.25
1/1/2013,4:38,0.41413,219.56
1/1/2013,4:39,0.5159,223.71
1/1/2013,4:40,1.2195,211.92
1/1/2013,4:41,0.90208,226.64
1/1/2013,4:42,0.89646,232.73
1/1/2013,4:43,1.0413,228.59
1/1/2013,4:44,1.1591,236.28
1/1/2013,4:45,1.0959,235.85
1/1/2013,4:46,1.0332,233.8
1/1/2013,4:47,0.96027,234.67
1/1/2013,4:48,1.0992,236.99
1/1/2013,4:49,0.96096,234.73
1/1/2013,4:50,1.2006,238.64
1/1/2013,4:51,1.1949,241.75
1/1/2013,4:52,1.1673,240.34
1/1/2013,4:53,1.1697,239.91
1/1/2013,4:54,1.0873,236.39
1/1/2013,4:55,1.3129,235.25
1/1/2013,4:56,1.2408,234.02
1/1/2013,4:57,1.3923,233.59
1/1/2013,4:58,1.3623,229.66
1/1/2013,4:59,1.5233,220.19
1/1/2013,5:00,1.7117,215.11
1/1/2013,5:01,1.8618,214.77
1/1/2013,5:02,1.6529,213.79
1/1/2013,5:03,1.6915,211.58
1/1/2013,5:04,2.2719,206.54
1/1/2013,5:05,2.1469,206.06
1/1/2013,5:06,2.1359,205.53
1/1/2013,5:07,2.4297,210.62
1/1/2013,5:08,2.6395,216.59
1/1/2013,5:09,2.5793,220.51
1/1/2013,5:10,2.5226,224.79
1/1/2013,5:11,2.1045,229.08
1/1/2013,5:12,2.0927,229.21
1/1/2013,5:13,2.1298,229.66
1/1/2013,5:14,2.3235,231.05
1/1/2013,5:15,2.3071,233.66
1/1/2013,5:16,2.1767,232.67
1/1/2013,5:17,2.1643,231.75
1/1/2013,5:18,2.2126,229.87
1/1/2013,5:19,2.3287,228.79
1/1/2013,5:20,2.4072,225.48
1/1/2013,5:21,2.4195,226.71
1/1/2013,5:22,2.4399,226.07
1/1/2013,5:23,2.4598,227.3
1/1/2013,5:24,2.456,225.31
1/1/2013,5:25,2.5522,225.38
1/1/2013,5:26,2.4825,228.8
1/1/2013,5:27,2.3257,231.1
1/1/2013,5:28,2.1017,232.8
1/1/2013,5:29,2.2325,227.02
1/1/2013,5:30,2.3305,226.71
1/1/2013,5:31,2.4671,225.51
1/1/2013,5:32,2.4055,224.15
1/1/2013,5:33,2.418,224.57
1/1/2013,5:34,2.3557,224.56
1/1/2013,5:35,2.1499,224.54
1/1/2013,5:36,2.1046,227.32
1/1/2013,5:37,2.1495,226.67
1/1/2013,5:38,2.1924,223.41
1/1/2013,5:39,2.3785,221.98
1/1/2013,5:40,2.6504,222.23
1/1/2013,5:41,3.0254,220.38
1/1/2013,5:42,2.8538,218.15
1/1/2013,5:43,2.5581,217.67
1/1/2013,5:44,2.4184,221.42
1/1/2013,5:45,2.3782,222.8
1/1/2013,5:46,2.555,219.8
1/1/2013,5:47,2.7082,217.52
1/1/2013,5:48,2.5033,217.86
1/1/2013,5:49,2.3124,221.39
1/1/2013,5:50,2.5733,221.44
1/1/2013,5:51,2.7068,219.01
1/1/2013,5:52,2.6758,218.6
1/1/2013,5:53,2.2441,215.4
1/1/2013,5:54,2.4657,215.82
1/1/2013,5:55,2.8392,218.1
1/1/2013,5:56,2.3987,216.87
1/1/2013,5:57,2.4609,212.89
1/1/2013,5:58,2.5566,208.17
1/1/2013,5:59,2.5793,204.87
1/1/2013,6:00,2.4684,199.3
1/1/2013,6:01,2.6591,196.2
1/1/2013,6:02,2.7945,191.12
1/1/2013,6:03,2.6586,187.97
1/1/2013,6:04,2.8759,186.16
1/1/2013,6:05,2.8198,188.29
1/1/2013,6:06,2.844,188.1
1/1/2013,6:07,2.6141,197.7
1/1/2013,6:08,2.3113,203.6
1/1/2013,6:09,2.3659,206.97
1/1/2013,6:10,2.3588,205.19
1/1/2013,6:11,2.4107,202.78
1/1/2013,6:12,2.5642,196.91
1/1/2013,6:13,2.5889,195.25
1/1/2013,6:14,2.6121,194.8
1/1/2013,6:15,2.5142,194.68
1/1/2013,6:16,2.4282,195.93
1/1/2013,6:17,2.3332,201.03
1/1/2013,6:18,2.1357,212.79
1/1/2013,6:19,2.0525,221.37
1/1/2013,6:20,1.6109,235.96
1/1/2013,6:21,1.95,224.56
1/1/2013,6:22,1.9923,221.79
1/1/2013,6:23,2.0339,221.14
1/1/2013,6:24,1.9586,214.41
1/1/2013,6:25,2.068,215.68
1/1/2013,6:26,2.3959,212.51
1/1/2013,6:27,2.365,212.49
1/1/2013,6:28,2.4314,213.44
1/1/2013,6:29,2.3981,211.86
1/1/2013,6:30,2.3881,219.51
1/1/2013,6:31,2.294,225.85
1/1/2013,6:32,2.4192,228.89
1/1/2013,6:33,1.993,235.58
1/1/2013,6:34,1.8336,233.59
1/1/2013,6:35,1.6898,232.54
1/1/2013,6:36,1.3613,236.9
1/1/2013,6:37,1.7572,232.13
1/1/2013,6:38,1.6648,229.67
1/1/2013,6:39,1.7401,227.05
1/1/2013,6:40,1.9407,230.58
1/1/2013,6:41,1.8238,240.06
1/1/2013,6:42,2.0309,236.36
1/1/2013,6:43,1.522,224.79
1/1/2013,6:44,1.6037,209.03
1/1/2013,6:45,1.9181,214.84
1/1/2013,6:46,2.2476,228.78
1/1/2013,6:47,2.5397,243.45
1/1/2013,6:48,1.9599,237.95
1/1/2013,6:49,1.5778,228.09
1/1/2013,6:50,1.8213,218.36
1/1/2013,6:51,2.166,216.79
1/1/2013,6:52,2.0726,211.48
1/1/2013,6:53,2.0403,197.38
1/1/2013,6:54,2.0008,179.28
1/1/2013,6:55,1.8996,169.2
1/1/2013,6:56,1.7725,168.85
1/1/2013,6:57,1.5208,193.62
1/1/2013,6:58,1.6123,254.65
1/1/2013,6:59,1.9936,296.06
1/1/2013,7:00,1.6382,299.55
1/1/2013,7:01,1.6333,302.64
1/1/2013,7:02,1.1407,310.56
1/1/2013,7:03,0.4206,319.69
1/1/2013,7:04,0.28187,93.768
1/1/2013,7:05,0.31778,117.32
1/1/2013,7:06,0.40749,188.78
1/1/2013,7:07,0.5812,169.51
1/1/2013,7:08,0.66158,181.49
1/1/2013,7:09,0.85501,191.36
1/1/2013,7:10,1.1049,166.84
1/1/2013,7:11,0.76706,159.02
1/1/2013,7:12,0.55766,143.53
1/1/2013,7:13,0.45308,137.84
1/1/2013,7:14,0.44369,131.24
1/1/2013,7:15,0.53517,133.91
1/1/2013,7:16,0.41795,151.29
1/1/2013,7:17,0.27812,170.39
1/1/2013,7:18,0.56435,201.04
1/1/2013,7:19,0.5641,297.58
1/1/2013,7:20,0.41467,313.73
1/1/2013,7:21,0.27504,302.84
1/1/2013,7:22,0.27525,157.58
1/1/2013,7:23,0.34034,250.04
1/1/2013,7:24,0.33798,231.35
1/1/2013,7:25,0.46269,217.09
1/1/2013,7:26,0.79765,221.37
1/1/2013,7:27,0.9658,188.64
1/1/2013,7:28,1.8229,130.56
1/1/2013,7:29,2.0518,154.01
1/1/2013,7:30,2.4123,217.64
1/1/2013,7:31,2.0129,245.3
1/1/2013,7:32,2.2281,269.16
1/1/2013,7:33,1.9932,273.22
1/1/2013,7:34,1.1883,255.25
1/1/2013,7:35,0.81324,230.27
1/1/2013,7:36,0.59656,211.11
1/1/2013,7:37,1.0618,203.5
1/1/2013,7:38,0.87983,192.7
1/1/2013,7:39,1.3407,202.36
1/1/2013,7:40,1.3384,217.23
1/1/2013,7:41,1.1205,226.7
1/1/2013,7:42,1.1933,227.98
1/1/2013,7:43,1.1733,234.96
1/1/2013,7:44,0.53731,271.39
1/1/2013,7:45,0.37934,309.98
1/1/2013,7:46,0.27547,311.05
1/1/2013,7:47,0.271,309.59
1/1/2013,7:48,0.271,256.72
1/1/2013,7:49,0.271,240.73
1/1/2013,7:50,0.28574,250.79
1/1/2013,7:51,0.42701,267.4
1/1/2013,7:52,0.74072,259.71
1/1/2013,7:53,0.70778,316.55
1/1/2013,7:54,1.6133,349.19
1/1/2013,7:55,2.0488,342.72
1/1/2013,7:56,2.2255,339.69
1/1/2013,7:57,2.1277,340.89
1/1/2013,7:58,2.431,337.15
1/1/2013,7:59,2.7739,341.49
1/1/2013,8:00,2.7005,345.01
1/1/2013,8:01,2.4705,346.98
1/1/2013,8:02,2.1865,350.3
1/1/2013,8:03,2.2468,356.49
1/1/2013,8:04,1.9069,355.14
1/1/2013,8:05,1.7623,356.4
1/1/2013,8:06,1.6969,351.22
1/1/2013,8:07,1.6198,349.2
1/1/2013,8:08,1.7411,348.62
1/1/2013,8:09,2.2092,345.76
1/1/2013,8:10,2.2818,350.54
1/1/2013,8:11,2.3342,354.92
1/1/2013,8:12,1.9963,358.05
1/1/2013,8:13,2.1734,356.83
1/1/2013,8:14,1.8616,349.1
1/1/2013,8:15,1.9433,347.35
1/1/2013,8:16,1.9922,347.09
1/1/2013,8:17,2.0022,349.29
1/1/2013,8:18,1.8495,354.5
1/1/2013,8:19,1.7451,352.21
1/1/2013,8:20,1.7867,353.83
1/1/2013,8:21,1.8597,356.66
1/1/2013,8:22,1.8327,356.41
1/1/2013,8:23,1.9137,0.8141
1/1/2013,8:24,2.0097,357.13
1/1/2013,8:25,1.9454,357.07
1/1/2013,8:26,2.0003,346.98
1/1/2013,8:27,2.1458,344.99
1/1/2013,8:28,1.8598,344.04
1/1/2013,8:29,1.6895,339.32
1/1/2013,8:30,2.0335,341.71
1/1/2013,8:31,2.3495,337.49
1/1/2013,8:32,2.3267,338.75
1/1/2013,8:33,2.445,332.02
1/1/2013,8:34,2.4464,330.35
1/1/2013,8:35,2.107,332.34
1/1/2013,8:36,2.2163,337.78
1/1/2013,8:37,1.8648,347.61
1/1/2013,8:38,1.9197,352.27
1/1/2013,8:39,2.2248,351.99
1/1/2013,8:40,1.8436,342.19
1/1/2013,8:41,1.8737,331.6
1/1/2013,8:42,1.9356,330.2
1/1/2013,8:43,1.9154,330.11
1/1/2013,8:44,1.5684,327.93
1/1/2013,8:45,1.5831,328.43
1/1/2013,8:46,1.6675,329.78
1/1/2013,8:47,1.6302,325.38
1/1/2013,8:48,1.3708,329.31
1/1/2013,8:49,1.4893,331.21
1/1/2013,8:50,1.5742,329.79
1/1/2013,8:51,1.4908,322.54
1/1/2013,8:52,1.2453,331.8
1/1/2013,8:53,1.5309,343.29
1/1/2013,8:54,1.44,352.12
1/1/2013,8:55,1.4949,351.33
1/1/2013,8:56,1.7378,347.67
1/1/2013,8:57,1.473,353.9
1/1/2013,8:58,1.7414,350.19
1/1/2013,8:59,1.7261,344.63
1/1/2013,9:00,1.5247,341.88
1/1/2013,9:01,1.4424,339.31
1/1/2013,9:02,1.2831,335.14
1/1/2013,9:03,0.95405,349.42
1/1/2013,9:04,0.98427,343.36
1/1/2013,9:05,1.2461,334.48
1/1/2013,9:06,1.2889,336.79
1/1/2013,9:07,1.3147,335.01
1/1/2013,9:08,1.3167,331.32
1/1/2013,9:09,1.1847,334.19
1/1/2013,9:10,1.1616,332.39
1/1/2013,9:11,0.94891,332.61
1/1/2013,9:12,0.83012,323.97
1/1/2013,9:13,0.86864,320.79
1/1/2013,9:14,0.69745,316.25
1/1/2013,9:15,0.93882,311.14
1/1/2013,9:16,1.1387,327.4
1/1/2013,9:17,1.0442,324.29
1/1/2013,9:18,1.1249,330.04
1/1/2013,9:19,1.0999,333.5
1/1/2013,9:20,1.206,332.96
1/1/2013,9:21,1.373,331.69
1/1/2013,9:22,1.2802,338.79
1/1/2013,9:23,1.0706,338.77
1/1/2013,9:24,1.2282,330.24
1/1/2013,9:25,1.2969,330.17
1/1/2013,9:26,1.4067,332.75
1/1/2013,9:27,1.2325,333.2
1/1/2013,9:28,1.2797,334.81
1/1/2013,9:29,1.3868,328.66
1/1/2013,9:30,1.3038,330.98
1/1/2013,9:31,1.2126,323.47
1/1/2013,9:32,1.1716,316.77
1/1/2013,9:33,1.1868,307.76
1/1/2013,9:34,0.97802,298.92
1/1/2013,9:35,0.87111,294.85
1/1/2013,9:36,0.78136,303.64
1/1/2013,9:37,0.58245,307.07
1/1/2013,9:38,0.5703,309.91
1/1/2013,9:39,0.74019,302.71
1/1/2013,9:40,0.63803,293.61
1/1/2013,9:41,0.50074,292.23
1/1/2013,9:42,0.58548,305.83
1/1/2013,9:43,0.57511,318.96
1/1/2013,9:44,0.51319,330.51
1/1/2013,9:45,0.5047,329.28
1/1/2013,9:46,0.37002,313.42
1/1/2013,9:47,0.43524,300.81
1/1/2013,9:48,0.50885,289.3
1/1/2013,9:49,0.50549,271.72
1/1/2013,9:50,0.49246,279.07
1/1/2013,9:51,0.64841,270.58
1/1/2013,9:52,0.90576,268.62
1/1/2013,9:53,0.97667,262.28
1/1/2013,9:54,1.019,262.91
1/1/2013,9:55,1.1525,260.21
1/1/2013,9:56,1.1799,244.79
1/1/2013,9:57,0.97011,248.67
1/1/2013,9:58,1.137,235.56
1/1/2013,9:59,1.3041,235.66
1/1/2013,10:00,1.2318,228.06
1/1/2013,10:01,1.4147,219.96
1/1/2013,10:02,1.6028,213.36
1/1/2013,10:03,1.3354,205.34
1/1/2013,10:04,1.1546,215.28
1/1/2013,10:05,0.91487,220.5
1/1/2013,10:06,0.73198,216.58
1/1/2013,10:07,0.69249,198.8
1/1/2013,10:08,0.71308,193.24
1/1/2013,10:09,0.5253,172.74
1/1/2013,10:10,0.78103,159.82
1/1/2013,10:11,0.96833,154.41
1/1/2013,10:12,1.0964,155.23
1/1/2013,10:13,1.0325,161.22
1/1/2013,10:14,1.1229,173.89
1/1/2013,10:15,1.1703,168.1
1/1/2013,10:16,1.0756,163.73
1/1/2013,10:17,0.87851,156.76
1/1/2013,10:18,1.1697,127.89
1/1/2013,10:19,0.75654,148.03
1/1/2013,10:20,0.86477,151.26
1/1/2013,10:21,0.88715,130.68
1/1/2013,10:22,0.99064,154.29
1/1/2013,10:23,0.96768,162.09
1/1/2013,10:24,1.3675,168.74
1/1/2013,10:25,1.5728,177.71
1/1/2013,10:26,1.7438,164.62
1/1/2013,10:27,1.7955,170.09
1/1/2013,10:28,1.5412,192.51
1/1/2013,10:29,2.1216,187.18
1/1/2013,10:30,2.2746,174.02
1/1/2013,10:31,1.8463,184.99
1/1/2013,10:32,1.8412,185.6
1/1/2013,10:33,2.2162,193.16
1/1/2013,10:34,2.4906,193.72
1/1/2013,10:35,2.5276,182.74
1/1/2013,10:36,2.5238,177.6
1/1/2013,10:37,2.3921,186.13
1/1/2013,10:38,2.6479,195.44
1/1/2013,10:39,2.8594,209.19
1/1/2013,10:40,2.7539,202.02
1/1/2013,10:41,2.4342,198.4
1/1/2013,10:42,2.5032,201.78
1/1/2013,10:43,2.6933,195.27
1/1/2013,10:44,2.6697,203.6
1/1/2013,10:45,2.3247,199.36
1/1/2013,10:46,3.0277,203.64
1/1/2013,10:47,2.7881,185.92
1/1/2013,10:48,2.9846,187.65
1/1/2013,10:49,3.2823,184.45
1/1/2013,10:50,2.9015,192.17
1/1/2013,10:51,2.6301,181.4
1/1/2013,10:52,3.0958,180.95
1/1/2013,10:53,3.2238,171.9
1/1/2013,10:54,3.3695,171.21
1/1/2013,10:55,2.891,173.8
1/1/2013,10:56,2.4632,168.9
1/1/2013,10:57,3.6603,158.87
1/1/2013,10:58,3.4228,154.93
1/1/2013,10:59,3.2381,171.85
1/1/2013,11:00,3.4669,170.49
1/1/2013,11:01,3.2165,157.95
1/1/2013,11:02,3.4769,149.59
1/1/2013,11:03,2.93,141.85
1/1/2013,11:04,4.0401,146.31
1/1/2013,11:05,3.7892,141.56
1/1/2013,11:06,3.3055,145.88
1/1/2013,11:07,3.962,146.65
1/1/2013,11:08,3.8824,156.73
1/1/2013,11:09,4.181,151.21
1/1/2013,11:10,3.2681,148.73
1/1/2013,11:11,4.1487,145.07
1/1/2013,11:12,3.8988,152.83
1/1/2013,11:13,3.1716,140.93
1/1/2013,11:14,3.7634,135.93
1/1/2013,11:15,3.8979,146.5
1/1/2013,11:16,4.0203,156.23
1/1/2013,11:17,3.6819,157.64
1/1/2013,11:18,3.8383,148.07
1/1/2013,11:19,3.7626,140.43
1/1/2013,11:20,3.3563,134.19
1/1/2013,11:21,3.7719,138.45
1/1/2013,11:22,3.8409,128.74
1/1/2013,11:23,4.0645,135.03
1/1/2013,11:24,4.0251,136.41
1/1/2013,11:25,3.9277,123.82
1/1/2013,11:26,4.3174,126.37
1/1/2013,11:27,4.2478,129.52
1/1/2013,11:28,3.6422,130.37
1/1/2013,11:29,3.4587,123.85
1/1/2013,11:30,3.7185,129.26
1/1/2013,11:31,4.5724,141.37
1/1/2013,11:32,3.5018,142.41
1/1/2013,11:33,3.9679,142.04
1/1/2013,11:34,3.4197,136.88
1/1/2013,11:35,3.4672,143.45
1/1/2013,11:36,3.5993,149.78
1/1/2013,11:37,3.2553,153.41
1/1/2013,11:38,3.4474,146.78
1/1/2013,11:39,3.8796,146.58
1/1/2013,11:40,3.2398,142.03
1/1/2013,11:41,4.1028,144.75
1/1/2013,11:42,4.4635,145.69
1/1/2013,11:43,3.9343,141.96
1/1/2013,11:44,4.2618,140.07
1/1/2013,11:45,4.1782,147.78
1/1/2013,11:46,4.4108,156.19
1/1/2013,11:47,4.2671,152
1/1/2013,11:48,4.0846,152.1
1/1/2013,11:49,3.8439,166.44
1/1/2013,11:50,4.3941,167.68
1/1/2013,11:51,4.2821,161.97
1/1/2013,11:52,3.4569,167.19
1/1/2013,11:53,3.36,165.83
1/1/2013,11:54,3.8499,154.23
1/1/2013,11:55,4.4133,158.44
1/1/2013,11:56,4.3341,150.53
1/1/2013,11:57,4.492,161.5
1/1/2013,11:58,4.3177,173.12
1/1/2013,11:59,4.262,175.07
1/1/2013,12:00,3.7888,178.91
1/1/2013,12:01,3.5115,179.54
1/1/2013,12:02,3.3564,170.29
1/1/2013,12:03,3.3315,176.89
1/1/2013,12:04,3.5687,163.06
1/1/2013,12:05,3.4065,169.57
1/1/2013,12:06,3.6127,188.24
1/1/2013,12:07,3.966,189.49
1/1/2013,12:08,4.0473,173.12
1/1/2013,12:09,3.3719,169.52
1/1/2013,12:10,3.2252,175.58
1/1/2013,12:11,3.4109,189.14
1/1/2013,12:12,3.0808,185.59
1/1/2013,12:13,2.3517,183.62
1/1/2013,12:14,3.1773,158.59
1/1/2013,12:15,3.5258,160.29
1/1/2013,12:16,3.197,166.26
1/1/2013,12:17,3.5466,171.8
1/1/2013,12:18,3.6297,163.14
1/1/2013,12:19,2.2126,163.02
1/1/2013,12:20,3.4598,166.91
1/1/2013,12:21,4.2513,173.97
1/1/2013,12:22,3.2542,170.81
1/1/2013,12:23,2.9777,174.85
1/1/2013,12:24,3.0079,159.73
1/1/2013,12:25,3.2298,165.73
1/1/2013,12:26,2.2119,173.38
1/1/2013,12:27,2.7295,175.82
1/1/2013,12:28,2.1073,154.11
1/1/2013,12:29,1.9725,137.2
1/1/2013,12:30,2.2832,149.21
1/1/2013,12:31,2.5797,162
1/1/2013,12:32,2.6111,167.94
1/1/2013,12:33,2.5191,186.44
1/1/2013,12:34,2.3359,162.88
1/1/2013,12:35,2.4306,176.32
1/1/2013,12:36,3.0122,191.63
1/1/2013,12:37,3.1111,183.79
1/1/2013,12:38,3.1433,193.77
1/1/2013,12:39,2.4099,196.69
1/1/2013,12:40,2.7952,166.14
1/1/2013,12:41,2.6217,167.46
1/1/2013,12:42,2.5649,169.61
1/1/2013,12:43,2.0909,173.34
1/1/2013,12:44,3.1826,141.11
1/1/2013,12:45,3.697,138.71
1/1/2013,12:46,2.725,133.15
1/1/2013,12:47,2.6336,130.68
1/1/2013,12:48,2.7812,139.13
1/1/2013,12:49,2.8861,137.47
1/1/2013,12:50,2.8479,133.17
1/1/2013,12:51,2.62,132.44
1/1/2013,12:52,2.9658,142.87
1/1/2013,12:53,3.3733,125.58
1/1/2013,12:54,2.8526,125.46
1/1/2013,12:55,3.1103,141.69
1/1/2013,12:56,3.6195,146.41
1/1/2013,12:57,2.632,142.54
1/1/2013,12:58,2.3084,152.03
1/1/2013,12:59,2.8324,133.47
1/1/2013,13:00,2.9801,142.86
1/1/2013,13:01,2.6831,148.3
1/1/2013,13:02,2.815,157.65
1/1/2013,13:03,2.4918,157.83
1/1/2013,13:04,2.2441,154.91
1/1/2013,13:05,3.0704,133.98
1/1/2013,13:06,2.9981,126.91
1/1/2013,13:07,2.8745,152.87
1/1/2013,13:08,2.7202,154.89
1/1/2013,13:09,2.9693,155.42
1/1/2013,13:10,3.3564,168.24
1/1/2013,13:11,3.036,148.69
1/1/2013,13:12,3.0784,140.14
1/1/2013,13:13,2.2257,136.57
1/1/2013,13:14,3.1413,157.41
1/1/2013,13:15,3.131,156.37
1/1/2013,13:16,2.3561,154.06
1/1/2013,13:17,3.5445,164.44
1/1/2013,13:18,3.9144,154.52
1/1/2013,13:19,4.0303,144.41
1/1/2013,13:20,3.9016,156.49
1/1/2013,13:21,3.1291,150.07
1/1/2013,13:22,3.1974,147.2
1/1/2013,13:23,2.4792,157.42
1/1/2013,13:24,2.2767,135.65
1/1/2013,13:25,1.5107,123.59
1/1/2013,13:26,2.2774,155.43
1/1/2013,13:27,3.3875,160.12
1/1/2013,13:28,3.5557,155.77
1/1/2013,13:29,2.9182,165.51
1/1/2013,13:30,2.5603,178.59
1/1/2013,13:31,2.5568,177.46
1/1/2013,13:32,2.6196,170.24
1/1/2013,13:33,3.6358,164.97
1/1/2013,13:34,2.7961,161.45
1/1/2013,13:35,3.0719,145.9
1/1/2013,13:36,2.8265,158.29
1/1/2013,13:37,3.5285,156.05
1/1/2013,13:38,2.7052,148.86
1/1/2013,13:39,2.5197,153.98
1/1/2013,13:40,2.5854,178.87
1/1/2013,13:41,3.2911,162.69
1/1/2013,13:42,3.1689,156.18
1/1/2013,13:43,2.7415,167.77
1/1/2013,13:44,2.8185,163.35
1/1/2013,13:45,2.4819,163.94
1/1/2013,13:46,2.9468,157.71
1/1/2013,13:47,3.0746,172.5
1/1/2013,13:48,3.2122,192.29
1/1/2013,13:49,3.4442,191.28
1/1/2013,13:50,3.1388,197.35
1/1/2013,13:51,3.2402,181.65
1/1/2013,13:52,2.9855,176.99
1/1/2013,13:53,2.0231,169.51
1/1/2013,13:54,2.4037,175.37
1/1/2013,13:55,1.7178,176.19
1/1/2013,13:56,3.4434,177.75
1/1/2013,13:57,3.9831,174.65
1/1/2013,13:58,3.2847,168.77
1/1/2013,13:59,3.112,159.4
1/1/2013,14:00,2.6692,163.62
1/1/2013,14:01,3.0554,166.99
1/1/2013,14:02,2.412,161.18
1/1/2013,14:03,2.9451,149.79
1/1/2013,14:04,2.8549,133.89
1/1/2013,14:05,2.8833,136.77
1/1/2013,14:06,2.573,149.41
1/1/2013,14:07,2.0712,155.18
1/1/2013,14:08,3.6673,155.51
1/1/2013,14:09,3.6143,160.32
1/1/2013,14:10,3.0162,161.32
1/1/2013,14:11,2.6286,151.19
1/1/2013,14:12,2.4202,156.62
1/1/2013,14:13,2.475,171.89
1/1/2013,14:14,3.5047,171.77
1/1/2013,14:15,3.067,168.62
1/1/2013,14:16,2.6301,149.21
1/1/2013,14:17,3.2196,160.8
1/1/2013,14:18,3.0375,157.38
1/1/2013,14:19,2.6148,172.89
1/1/2013,14:20,3.5655,154.17
1/1/2013,14:21,2.7558,152.36
1/1/2013,14:22,3.4161,157.73
1/1/2013,14:23,4.0421,154.21
1/1/2013,14:24,2.9659,158.8
1/1/2013,14:25,3.0805,158.76
1/1/2013,14:26,3.5486,158.97
1/1/2013,14:27,3.5624,153.56
1/1/2013,14:28,4.1855,152.88
1/1/2013,14:29,3.6589,144.53
1/1/2013,14:30,4.3288,148.64
1/1/2013,14:31,3.8836,153.08
1/1/2013,14:32,2.9636,158.7
1/1/2013,14:33,3.095,167.64
1/1/2013,14:34,3.2347,172.39
1/1/2013,14:35,3.3884,158.01
1/1/2013,14:36,3.2638,138.11
1/1/2013,14:37,2.6638,136.39
1/1/2013,14:38,2.7969,157.15
1/1/2013,14:39,3.1843,163.91
1/1/2013,14:40,2.7188,153.76
1/1/2013,14:41,3.1109,156.21
1/1/2013,14:42,2.889,159.02
1/1/2013,14:43,3.3141,158.08
1/1/2013,14:44,3.0733,164.24
1/1/2013,14:45,2.7512,160.84
1/1/2013,14:46,2.7947,155.04
1/1/2013,14:47,2.9305,156.08
1/1/2013,14:48,2.7701,149.96
1/1/2013,14:49,2.0306,154.43
1/1/2013,14:50,1.8756,152.7
1/1/2013,14:51,2.3911,154.2
1/1/2013,14:52,2.2794,195.34
1/1/2013,14:53,1.5086,185.22
1/1/2013,14:54,1.8511,169.28
1/1/2013,14:55,1.9193,162.19
1/1/2013,14:56,2.1581,158.95
1/1/2013,14:57,2.76,146.59
1/1/2013,14:58,3.0519,160.61
1/1/2013,14:59,3.1045,155.51
1/1/2013,15:00,2.6824,153.92
1/1/2013,15:01,2.5709,153.01
1/1/2013,15:02,2.437,157.98
1/1/2013,15:03,2.6847,157.66
1/1/2013,15:04,2.1749,154.94
1/1/2013,15:05,2.1506,149.3
1/1/2013,15:06,2.4881,152.5
1/1/2013,15:07,2.0302,170.44
1/1/2013,15:08,1.0996,170.31
1/1/2013,15:09,0.2893,213.59
1/1/2013,15:10,0.32319,203.9
1/1/2013,15:11,0.7085,116.51
1/1/2013,15:12,0.78009,122.78
1/1/2013,15:13,0.77109,153.69
1/1/2013,15:14,0.82446,174.66
1/1/2013,15:15,1.0809,194.94
1/1/2013,15:16,1.1506,187.45
1/1/2013,15:17,1.2839,160.94
1/1/2013,15:18,1.6874,182.99
1/1/2013,15:19,2.1774,192.44
1/1/2013,15:20,1.9636,208.84
1/1/2013,15:21,1.7989,213.71
1/1/2013,15:22,1.0628,210.88
1/1/2013,15:23,2.227,196.39
1/1/2013,15:24,2.2285,206.7
1/1/2013,15:25,1.5662,178.32
1/1/2013,15:26,1.134,221.23
1/1/2013,15:27,2.2595,274.14
1/1/2013,15:28,3.0479,275.59
1/1/2013,15:29,1.3847,306.33
1/1/2013,15:30,0.80261,345.41
1/1/2013,15:31,3.4015,303.52
1/1/2013,15:32,3.6663,294.45
1/1/2013,15:33,4.0683,304.24
1/1/2013,15:34,5.2505,281.36
1/1/2013,15:35,5.9052,281.52
1/1/2013,15:36,4.6119,268.38
1/1/2013,15:37,3.0823,277.21
1/1/2013,15:38,4.3152,281.69
1/1/2013,15:39,5.5551,302.81
1/1/2013,15:40,4.9071,296.84
1/1/2013,15:41,6.324,305.56
1/1/2013,15:42,3.7073,290.01
1/1/2013,15:43,4.7296,284.1
1/1/2013,15:44,5.5006,293.4
1/1/2013,15:45,4.3289,298.22
1/1/2013,15:46,4.6394,303.74
1/1/2013,15:47,5.7906,288.03
1/1/2013,15:48,7.3725,288.24
1/1/2013,15:49,5.2707,274.89
1/1/2013,15:50,5.3442,270.13
1/1/2013,15:51,6.9244,297.53
1/1/2013,15:52,6.989,310.41
1/1/2013,15:53,5.7046,286.09
1/1/2013,15:54,6.2802,285.45
1/1/2013,15:55,7.0342,280.15
1/1/2013,15:56,6.0162,283.68
1/1/2013,15:57,6.6506,287.53
1/1/2013,15:58,6.4437,293.33
1/1/2013,15:59,6.5807,295.47
1/1/2013,16:00,6.6495,287.88
1/1/2013,16:01,7.1728,299.01
1/1/2013,16:02,6.0602,295.36
1/1/2013,16:03,5.1958,286.46
1/1/2013,16:04,4.8026,290.19
1/1/2013,16:05,4.6838,295.94
1/1/2013,16:06,4.0427,288.97
1/1/2013,16:07,5.2895,289.84
1/1/2013,16:08,6.4338,306.85
1/1/2013,16:09,4.9197,300.16
1/1/2013,16:10,5.7798,288.36
1/1/2013,16:11,5.4349,303.46
1/1/2013,16:12,4.0841,295.8
1/1/2013,16:13,5.8419,286.61
1/1/2013,16:14,5.9827,278.43
1/1/2013,16:15,7.2649,272.02
1/1/2013,16:16,6.0601,280.27
1/1/2013,16:17,6.1916,283.05
1/1/2013,16:18,6.1478,284.17
1/1/2013,16:19,4.8994,276.49
1/1/2013,16:20,5.1593,276.23
1/1/2013,16:21,7.185,267.09
1/1/2013,16:22,5.7001,265.67
1/1/2013,16:23,5.2198,276.47
1/1/2013,16:24,5.4563,282.18
1/1/2013,16:25,5.5338,273.72
1/1/2013,16:26,5.0459,271.34
1/1/2013,16:27,4.561,289.44
1/1/2013,16:28,5.9953,284.89
1/1/2013,16:29,6.3759,307.36
1/1/2013,16:30,5.1376,299.81
1/1/2013,16:31,5.1984,287.13
1/1/2013,16:32,4.674,287.52
1/1/2013,16:33,5.7711,290.48
1/1/2013,16:34,6.1906,287.9
1/1/2013,16:35,6.495,284.72
1/1/2013,16:36,6.1673,278.32
1/1/2013,16:37,5.9714,286.36
1/1/2013,16:38,5.4293,288.62
1/1/2013,16:39,5.2463,290.43
1/1/2013,16:40,5.7831,294.32
1/1/2013,16:41,6.579,280.02
1/1/2013,16:42,6.1824,270.61
1/1/2013,16:43,6.0601,298.95
1/1/2013,16:44,6.5157,293.02
1/1/2013,16:45,7.5706,306.44
1/1/2013,16:46,6.0691,296.67
1/1/2013,16:47,6.5349,305.03
1/1/2013,16:48,7.0188,296.89
1/1/2013,16:49,5.2619,291.26
1/1/2013,16:50,5.1102,290.71
1/1/2013,16:51,5.3428,296.29
1/1/2013,16:52,5.0308,303.77
1/1/2013,16:53,5.913,302.67
1/1/2013,16:54,7.3221,298.53
1/1/2013,16:55,6.1046,297.12
1/1/2013,16:56,6.5534,295.93
1/1/2013,16:57,7.0942,287.57
1/1/2013,16:58,5.4028,297.76
1/1/2013,16:59,5.4205,283.61
1/1/2013,17:00,5.2057,285.9
1/1/2013,17:01,4.4782,286.37
1/1/2013,17:02,5.081,301.58
1/1/2013,17:03,4.7814,301.81
1/1/2013,17:04,7.6271,298.33
1/1/2013,17:05,8.1105,288.07
1/1/2013,17:06,8.0257,283.75
1/1/2013,17:07,7.3011,279.92
1/1/2013,17:08,7.9383,303.98
1/1/2013,17:09,5.3408,295.14
1/1/2013,17:10,6.5152,294.38
1/1/2013,17:11,5.3348,296.07
1/1/2013,17:12,5.6543,287.67
1/1/2013,17:13,4.2683,285.59
1/1/2013,17:14,4.2338,298.15
1/1/2013,17:15,5.2283,289.14
1/1/2013,17:16,6.4283,282.64
1/1/2013,17:17,7.0466,289.78
1/1/2013,17:18,5.7173,296.75
1/1/2013,17:19,5.9692,300.92
1/1/2013,17:20,4.5587,306.7
1/1/2013,17:21,4.754,284.95
1/1/2013,17:22,4.4147,299.94
1/1/2013,17:23,5.7206,300.02
1/1/2013,17:24,4.9195,293.15
1/1/2013,17:25,5.9167,285.23
1/1/2013,17:26,5.8385,306.3
1/1/2013,17:27,4.744,294.85
1/1/2013,17:28,4.6104,297.03
1/1/2013,17:29,4.3105,293.2
1/1/2013,17:30,5.0101,303.58
1/1/2013,17:31,4.3775,291.9
1/1/2013,17:32,5.4581,289.96
1/1/2013,17:33,4.3263,295.38
1/1/2013,17:34,4.3004,309.15
1/1/2013,17:35,4.5893,299.76
1/1/2013,17:36,4.9446,297.82
1/1/2013,17:37,7.167,302.85
1/1/2013,17:38,7.2834,300.59
1/1/2013,17:39,7.1423,305.33
1/1/2013,17:40,6.0355,298.78
1/1/2013,17:41,6.6878,297.65
1/1/2013,17:42,6.3798,297.17
1/1/2013,17:43,5.9516,304.05
1/1/2013,17:44,7.0117,299.55
1/1/2013,17:45,4.9373,298.42
1/1/2013,17:46,5.3524,291.34
1/1/2013,17:47,9.2439,285.53
1/1/2013,17:48,7.1178,289.9
1/1/2013,17:49,6.2199,304.81
1/1/2013,17:50,6.5425,301.52
1/1/2013,17:51,6.1163,300.18
1/1/2013,17:52,6.64,297.02
1/1/2013,17:53,7.763,285.04
1/1/2013,17:54,7.0307,292.86
1/1/2013,17:55,7.1461,291.65
1/1/2013,17:56,5.0209,293.71
1/1/2013,17:57,6.239,298.44
1/1/2013,17:58,7.427,296.53
1/1/2013,17:59,7.321,295.36
1/1/2013,18:00,6.4294,293.47
1/1/2013,18:01,5.0698,284.37
1/1/2013,18:02,4.7031,291.17
1/1/2013,18:03,6.699,287.63
1/1/2013,18:04,6.5818,290.3
1/1/2013,18:05,6.7233,287.95
1/1/2013,18:06,7.1775,287.28
1/1/2013,18:07,6.3621,295.83
1/1/2013,18:08,6.4961,293.46
1/1/2013,18:09,6.6993,290.87
1/1/2013,18:10,5.3744,293.54
1/1/2013,18:11,5.5293,285.12
1/1/2013,18:12,6.2288,292.96
1/1/2013,18:13,6.3631,301.2
1/1/2013,18:14,6.9638,296.92
1/1/2013,18:15,5.5577,288.81
1/1/2013,18:16,5.3397,299.27
1/1/2013,18:17,5.3301,296.9
1/1/2013,18:18,7.2262,296.3
1/1/2013,18:19,7.2759,295.85
1/1/2013,18:20,6.1464,296.88
1/1/2013,18:21,6.6332,305.97
1/1/2013,18:22,6.0914,297.15
1/1/2013,18:23,7.8622,299.61
1/1/2013,18:24,5.7532,303.49
1/1/2013,18:25,5.6155,308.94
1/1/2013,18:26,6.4316,289.19
1/1/2013,18:27,6.2687,286.49
1/1/2013,18:28,6.1018,289.43
1/1/2013,18:29,6.3468,286.94
1/1/2013,18:30,7.0888,288.71
1/1/2013,18:31,7.254,298.57
1/1/2013,18:32,6.9401,294.15
1/1/2013,18:33,6.6382,297.31
1/1/2013,18:34,6.3075,291.98
1/1/2013,18:35,5.0166,294.51
1/1/2013,18:36,6.1454,294.01
1/1/2013,18:37,5.0625,299.71
1/1/2013,18:38,5.3897,295.55
1/1/2013,18:39,7.0111,293.26
1/1/2013,18:40,6.1772,299.11
1/1/2013,18:41,5.602,313.44
1/1/2013,18:42,5.354,305.65
1/1/2013,18:43,5.6401,304.95
1/1/2013,18:44,7.4494,296.07
1/1/2013,18:45,7.4252,298.7
1/1/2013,18:46,6.2,295.04
1/1/2013,18:47,6.3908,288.27
1/1/2013,18:48,8.5969,297.3
1/1/2013,18:49,6.6955,298.67
1/1/2013,18:50,5.8971,297.71
1/1/2013,18:51,5.4228,291.9
1/1/2013,18:52,6.303,297.23
1/1/2013,18:53,7.1414,295.07
1/1/2013,18:54,6.0691,296.43
1/1/2013,18:55,7.2663,299.64
1/1/2013,18:56,6.7427,295.29
1/1/2013,18:57,6.1892,291.68
1/1/2013,18:58,6.9248,296.93
1/1/2013,18:59,6.3394,294.52
1/1/2013,19:00,7.5438,304.35
1/1/2013,19:01,6.3159,306.41
1/1/2013,19:02,7.1591,295.56
1/1/2013,19:03,5.5417,299.66
1/1/2013,19:04,4.8634,312.95
1/1/2013,19:05,6.9278,306.68
1/1/2013,19:06,5.9705,303.93
1/1/2013,19:07,5.4712,304.62
1/1/2013,19:08,4.9951,303.01
1/1/2013,19:09,5.185,309.93
1/1/2013,19:10,5.2272,311.59
1/1/2013,19:11,6.5246,316.23
1/1/2013,19:12,5.603,298.04
1/1/2013,19:13,5.8056,306.96
1/1/2013,19:14,6.7012,301.28
1/1/2013,19:15,6.5497,296.86
1/1/2013,19:16,8.1233,301.33
1/1/2013,19:17,7.7562,307.33
1/1/2013,19:18,7.5335,313.17
1/1/2013,19:19,6.573,305.05
1/1/2013,19:20,6.2099,319.64
1/1/2013,19:21,6.3541,313.71
1/1/2013,19:22,5.8694,310.74
1/1/2013,19:23,6.0924,321.3
1/1/2013,19:24,5.4462,304.43
1/1/2013,19:25,5.3475,303.08
1/1/2013,19:26,5.2891,302.46
1/1/2013,19:27,5.9676,302.52
1/1/2013,19:28,5.0264,308.1
1/1/2013,19:29,4.9229,318.94
1/1/2013,19:30,4.3447,316.24
1/1/2013,19:31,4.7182,305.66
1/1/2013,19:32,5.1907,321.95
1/1/2013,19:33,5.515,307.07
1/1/2013,19:34,5.5082,299.53
1/1/2013,19:35,6.9387,310.34
1/1/2013,19:36,6.4169,310.7
1/1/2013,19:37,5.834,301.54
1/1/2013,19:38,7.3849,286.73
1/1/2013,19:39,8.1322,304.43
1/1/2013,19:40,6.7215,307.11
1/1/2013,19:41,7.3984,312.6
1/1/2013,19:42,6.8427,306.99
1/1/2013,19:43,5.0462,302.22
1/1/2013,19:44,6.135,310.19
1/1/2013,19:45,5.0695,303.33
1/1/2013,19:46,4.6977,300.18
1/1/2013,19:47,4.386,298.72
1/1/2013,19:48,7.561,303.51
1/1/2013,19:49,6.3012,302.47
1/1/2013,19:50,6.2883,307.03
1/1/2013,19:51,6.0828,307.66
1/1/2013,19:52,5.9282,314.64
1/1/2013,19:53,6.6762,305.18
1/1/2013,19:54,7.0056,309.59
1/1/2013,19:55,7.3506,307.44
1/1/2013,19:56,6.2484,320.5
1/1/2013,19:57,7.0815,318.37
1/1/2013,19:58,6.1178,321.73
1/1/2013,19:59,5.6118,304.29
1/1/2013,20:00,6.8113,308.11
1/1/2013,20:01,6.9105,309.71
1/1/2013,20:02,7.1847,315.05
1/1/2013,20:03,7.4581,297.56
1/1/2013,20:04,6.6611,296.9
1/1/2013,20:05,6.9137,302.59
1/1/2013,20:06,6.1236,315.15
1/1/2013,20:07,5.8885,306.49
1/1/2013,20:08,7.6802,287.07
1/1/2013,20:09,9.2276,304.55
1/1/2013,20:10,6.8659,310.2
1/1/2013,20:11,7.1209,309.84
1/1/2013,20:12,6.6051,308.26
1/1/2013,20:13,6.6048,304.86
1/1/2013,20:14,6.8534,296.04
1/1/2013,20:15,6.0643,303.19
1/1/2013,20:16,6.9043,303.23
1/1/2013,20:17,5.6982,295.87
1/1/2013,20:18,6.3118,304.27
1/1/2013,20:19,6.3881,307.55
1/1/2013,20:20,6.2438,308.06
1/1/2013,20:21,5.8369,305.48
1/1/2013,20:22,6.6501,300.86
1/1/2013,20:23,6.3414,301.39
1/1/2013,20:24,5.6803,305.79
1/1/2013,20:25,5.709,308
1/1/2013,20:26,6.3394,311.01
1/1/2013,20:27,7.0831,311.4
1/1/2013,20:28,5.9552,301.49
1/1/2013,20:29,5.7116,305.68
1/1/2013,20:30,6.0271,298.89
1/1/2013,20:31,7.3753,304.53
1/1/2013,20:32,6.0343,311.75
1/1/2013,20:33,6.7483,301.76
1/1/2013,20:34,7.015,307.09
1/1/2013,20:35,5.601,311.34
1/1/2013,20:36,4.8196,309.27
1/1/2013,20:37,6.4648,306.7
1/1/2013,20:38,6.4616,306.54
1/1/2013,20:39,6.203,300.78
1/1/2013,20:40,7.7619,300.9
1/1/2013,20:41,6.4394,304.18
1/1/2013,20:42,6.2876,302.48
1/1/2013,20:43,6.2712,303.97
1/1/2013,20:44,6.6563,295.51
1/1/2013,20:45,6.6006,289.82
1/1/2013,20:46,5.5462,288.2
1/1/2013,20:47,5.4323,295.11
1/1/2013,20:48,6.9866,285.47
1/1/2013,20:49,5.7491,285.73
1/1/2013,20:50,6.7002,283.17
1/1/2013,20:51,6.6271,286.2
1/1/2013,20:52,6.0678,290.69
1/1/2013,20:53,5.8318,303.76
1/1/2013,20:54,4.6449,303.69
1/1/2013,20:55,4.7198,297.57
1/1/2013,20:56,4.6066,296.68
1/1/2013,20:57,7.9365,290.53
1/1/2013,20:58,9.3528,269.58
1/1/2013,20:59,7.5359,271.12
1/1/2013,21:00,6.4184,281.63
1/1/2013,21:01,5.4461,288.64
1/1/2013,21:02,5.0819,299.48
1/1/2013,21:03,6.5391,281.2
1/1/2013,21:04,7.6172,282.16
1/1/2013,21:05,7.2847,285.07
1/1/2013,21:06,7.5372,295.61
1/1/2013,21:07,6.7653,291.99
1/1/2013,21:08,6.3863,280.36
1/1/2013,21:09,6.7258,288.56
1/1/2013,21:10,5.0329,295.46
1/1/2013,21:11,6.8977,299.58
1/1/2013,21:12,5.6771,296.61
1/1/2013,21:13,4.9513,289.78
1/1/2013,21:14,6.4038,279.54
1/1/2013,21:15,6.3482,283.06
1/1/2013,21:16,8.3288,279.12
1/1/2013,21:17,7.0499,288.73
1/1/2013,21:18,5.8443,286.88
1/1/2013,21:19,5.6399,293.55
1/1/2013,21:20,5.5867,289.63
1/1/2013,21:21,4.5832,286.72
1/1/2013,21:22,4.6605,279.96
1/1/2013,21:23,6.1011,285.5
1/1/2013,21:24,7.3459,282.76
1/1/2013,21:25,5.8109,288.38
1/1/2013,21:26,3.6673,302.99
1/1/2013,21:27,3.9737,301.99
1/1/2013,21:28,3.6922,303.59
1/1/2013,21:29,3.5671,313.48
1/1/2013,21:30,3.4836,307.73
1/1/2013,21:31,3.5242,305.24
1/1/2013,21:32,3.6471,315.32
1/1/2013,21:33,4.5378,299.66
1/1/2013,21:34,4.9294,287.4
1/1/2013,21:35,4.6949,291.07
1/1/2013,21:36,4.99,289.39
1/1/2013,21:37,5.0621,289.84
1/1/2013,21:38,5.4945,289.39
1/1/2013,21:39,4.6892,291.39
1/1/2013,21:40,4.544,282.69
1/1/2013,21:41,4.7272,288.21
1/1/2013,21:42,3.7642,302.33
1/1/2013,21:43,4.7159,304.43
1/1/2013,21:44,4.248,294.51
1/1/2013,21:45,5.4891,285.66
1/1/2013,21:46,4.9918,294.75
1/1/2013,21:47,4.3701,299.29
1/1/2013,21:48,4.1701,301.85
1/1/2013,21:49,3.5364,292.89
1/1/2013,21:50,5.9366,288.92
1/1/2013,21:51,5.8885,291.29
1/1/2013,21:52,6.536,289.84
1/1/2013,21:53,6.5101,298.48
1/1/2013,21:54,4.7074,307.13
1/1/2013,21:55,4.3824,299.55
1/1/2013,21:56,5.6862,293.36
1/1/2013,21:57,4.5183,304.64
1/1/2013,21:58,4.1613,309.17
1/1/2013,21:59,4.0667,312.03
1/1/2013,22:00,3.9078,308.44
1/1/2013,22:01,4.3795,293.15
1/1/2013,22:02,4.7891,294.78
1/1/2013,22:03,4.0597,294.05
1/1/2013,22:04,4.5961,307.29
1/1/2013,22:05,4.2387,310.65
1/1/2013,22:06,4.1374,302.9
1/1/2013,22:07,3.8978,303.4
1/1/2013,22:08,3.381,318.11
1/1/2013,22:09,2.494,327.52
1/1/2013,22:10,2.6353,310.19
1/1/2013,22:11,3.3593,306.18
1/1/2013,22:12,3.6017,302.25
1/1/2013,22:13,3.1465,304.73
1/1/2013,22:14,2.8487,314.5
1/1/2013,22:15,2.73,332.3
1/1/2013,22:16,2.1332,349.35
1/1/2013,22:17,2.8406,350.86
1/1/2013,22:18,2.3434,353.14
1/1/2013,22:19,2.2836,329.42
1/1/2013,22:20,2.4336,298.76
1/1/2013,22:21,2.2179,313.62
1/1/2013,22:22,1.9985,305.94
1/1/2013,22:23,2.8127,323.04
1/1/2013,22:24,2.7954,326.1
1/1/2013,22:25,3.5539,317.62
1/1/2013,22:26,3.0721,312.1
1/1/2013,22:27,2.827,315.09
1/1/2013,22:28,2.571,330.27
1/1/2013,22:29,2.3677,333.93
1/1/2013,22:30,2.2584,336.33
1/1/2013,22:31,2.3984,346.57
1/1/2013,22:32,3.3276,329.13
1/1/2013,22:33,2.4716,341.55
1/1/2013,22:34,2.9855,354.51
1/1/2013,22:35,3.8725,7.839
1/1/2013,22:36,4.0516,13.172
1/1/2013,22:37,3.6573,18.471
1/1/2013,22:38,3.9096,23.089
1/1/2013,22:39,3.6329,17.729
1/1/2013,22:40,3.8278,27.279
1/1/2013,22:41,3.7638,22.183
1/1/2013,22:42,4.4345,22.243
1/1/2013,22:43,3.2875,18.629
1/1/2013,22:44,4.025,4.5798
1/1/2013,22:45,5.0861,351.14
1/1/2013,22:46,4.2692,357.62
1/1/2013,22:47,3.8629,2.975
1/1/2013,22:48,2.9624,355.27
1/1/2013,22:49,3.8616,359.87
1/1/2013,22:50,4.0395,344.78
1/1/2013,22:51,3.4687,338.77
1/1/2013,22:52,3.9298,312.85
1/1/2013,22:53,5.0137,314.44
1/1/2013,22:54,5.2445,338.01
1/1/2013,22:55,5.3073,331.35
1/1/2013,22:56,3.8625,327.65
1/1/2013,22:57,4.8289,340.32
1/1/2013,22:58,5.4934,343.57
1/1/2013,22:59,5.5827,352.59
1/1/2013,23:00,4.4398,359.14
1/1/2013,23:01,4.4832,357.23
1/1/2013,23:02,4.9666,357.54
1/1/2013,23:03,5.6135,358.72
1/1/2013,23:04,4.6388,9.7883
1/1/2013,23:05,4.0857,340.64
1/1/2013,23:06,3.5999,348.32
1/1/2013,23:07,3.6116,346.1
1/1/2013,23:08,2.1931,347.14
1/1/2013,23:09,3.8172,349.98
1/1/2013,23:10,3.1353,353.92
1/1/2013,23:11,3.8396,343.36
1/1/2013,23:12,2.628,353.13
1/1/2013,23:13,3.0177,351.07
1/1/2013,23:14,2.5341,0.38157
1/1/2013,23:15,2.7377,355.84
1/1/2013,23:16,2.8165,335.37
1/1/2013,23:17,2.6285,336.38
1/1/2013,23:18,3.1398,332.95
1/1/2013,23:19,3.482,334.72
1/1/2013,23:20,3.0733,334.49
1/1/2013,23:21,2.4048,342.76
1/1/2013,23:22,2.8398,341.23
1/1/2013,23:23,3.33,341.46
1/1/2013,23:24,3.6204,352.99
1/1/2013,23:25,5.1065,339.98
1/1/2013,23:26,5.1221,320.98
1/1/2013,23:27,3.7905,345.1
1/1/2013,23:28,3.8524,337.64
1/1/2013,23:29,3.2707,340.32
1/1/2013,23:30,3.2305,331.68
1/1/2013,23:31,4.2949,326.21
1/1/2013,23:32,3.7853,330.41
1/1/2013,23:33,3.7483,328.01
1/1/2013,23:34,4.2692,335.35
1/1/2013,23:35,3.8215,330.15
1/1/2013,23:36,4.0982,331.19
1/1/2013,23:37,4.0091,312.33
1/1/2013,23:38,3.7926,319.12
1/1/2013,23:39,3.1293,323.85
1/1/2013,23:40,2.9559,317.72
1/1/2013,23:41,3.0779,316.44
1/1/2013,23:42,4.0466,325.93
1/1/2013,23:43,3.8703,314.74
1/1/2013,23:44,3.9453,308.26
1/1/2013,23:45,3.4874,321.28
1/1/2013,23:46,4.6695,308.31
1/1/2013,23:47,3.877,299.18
1/1/2013,23:48,3.1412,318.99
1/1/2013,23:49,3.2112,306.16
1/1/2013,23:50,4.4635,310.6
1/1/2013,23:51,4.566,311.24
1/1/2013,23:52,5.4736,310.1
1/1/2013,23:53,5.1034,304.85
1/1/2013,23:54,4.4098,307.53
1/1/2013,23:55,5.2224,305.45
1/1/2013,23:56,5.8034,306.02
1/1/2013,23:57,4.2146,309.03
1/1/2013,23:58,4.722,303.89
1/1/2013,23:59,4.2857,303.89
1/2/2013,0:00,3.6409,301.2
1/2/2013,0:01,4.5403,312.89
1/2/2013,0:02,4.5286,302.36
1/2/2013,0:03,4.5024,305.01
1/2/2013,0:04,5.5686,301.12
1/2/2013,0:05,4.1867,302.5
1/2/2013,0:06,4.7696,296.22
1/2/2013,0:07,4.3219,309.61
1/2/2013,0:08,5.3005,300.1
1/2/2013,0:09,4.5502,302.98
1/2/2013,0:10,4.3065,299.68
1/2/2013,0:11,4.9549,304.45
1/2/2013,0:12,5.0832,295.68
1/2/2013,0:13,4.6322,291.87
1/2/2013,0:14,4.8924,291.53
1/2/2013,0:15,5.9072,297.24
1/2/2013,0:16,5.306,301.82
1/2/2013,0:17,5.1407,311.72
1/2/2013,0:18,3.9581,308.66
1/2/2013,0:19,5.889,307.8
1/2/2013,0:20,6.001,300.3
1/2/2013,0:21,4.7948,303.2
1/2/2013,0:22,4.3407,306.37
1/2/2013,0:23,5.3968,297.71
1/2/2013,0:24,4.5143,313.81
1/2/2013,0:25,5.9272,310.87
1/2/2013,0:26,6.178,311.76
1/2/2013,0:27,6.1843,293.11
1/2/2013,0:28,5.1605,294.35
1/2/2013,0:29,3.6759,310.83
1/2/2013,0:30,7.0764,308.37
1/2/2013,0:31,6.9384,302.92
1/2/2013,0:32,8.1988,302.99
1/2/2013,0:33,5.8544,295.79
1/2/2013,0:34,5.1243,317.51
1/2/2013,0:35,5.9445,329.48
1/2/2013,0:36,5.8134,322.87
1/2/2013,0:37,4.9959,314.79
1/2/2013,0:38,4.5887,320.07
1/2/2013,0:39,4.6895,310.81
1/2/2013,0:40,4.0263,320.8
1/2/2013,0:41,4.402,331.6
1/2/2013,0:42,5.0627,328.83
1/2/2013,0:43,4.6944,322.99
1/2/2013,0:44,5.3964,324.13
1/2/2013,0:45,5.0011,314.52
1/2/2013,0:46,6.078,305.85
1/2/2013,0:47,5.7351,320.54
1/2/2013,0:48,4.6934,312.35
1/2/2013,0:49,5.3223,316.59
1/2/2013,0:50,6.2476,316.09
1/2/2013,0:51,5.7203,320.17
1/2/2013,0:52,5.0916,304.63
1/2/2013,0:53,5.3211,302.79
1/2/2013,0:54,5.5878,306.27
1/2/2013,0:55,4.9371,317.91
1/2/2013,0:56,5.2807,315.31
1/2/2013,0:57,6.363,303.1
1/2/2013,0:58,7.0653,296.67
1/2/2013,0:59,6.3178,304.9
1/2/2013,1:00,5.6809,315.81
1/2/2013,1:01,4.889,316.71
1/2/2013,1:02,5.2794,296.23
1/2/2013,1:03,5.2943,294.86
1/2/2013,1:04,5.4323,304.16
1/2/2013,1:05,5.0693,289.79
1/2/2013,1:06,4.9763,307.43
1/2/2013,1:07,6.2406,298.63
1/2/2013,1:08,6.6653,290.77
1/2/2013,1:09,6.9463,294.75
1/2/2013,1:10,8.0306,295
1/2/2013,1:11,7.5457,288.67
1/2/2013,1:12,8.6642,289.36
1/2/2013,1:13,6.3963,298.87
1/2/2013,1:14,6.775,302.46
1/2/2013,1:15,5.6807,289.07
1/2/2013,1:16,5.454,298.47
1/2/2013,1:17,6.0014,310.82
1/2/2013,1:18,6.6555,309.36
1/2/2013,1:19,5.163,299.97
1/2/2013,1:20,5.4891,297.75
1/2/2013,1:21,5.3852,299.9
1/2/2013,1:22,4.772,289.05
1/2/2013,1:23,5.7267,286.97
1/2/2013,1:24,5.922,285.26
1/2/2013,1:25,5.5708,292.88
1/2/2013,1:26,4.3164,284.67
1/2/2013,1:27,3.563,280.56
1/2/2013,1:28,4.2175,291.09
1/2/2013,1:29,4.255,291.83
1/2/2013,1:30,4.9553,290.31
1/2/2013,1:31,5.3203,294.37
1/2/2013,1:32,4.7147,289.25
1/2/2013,1:33,3.8409,276.72
1/2/2013,1:34,3.5074,283.8
1/2/2013,1:35,3.763,304.6
1/2/2013,1:36,3.599,297.15
1/2/2013,1:37,3.1286,299.18
1/2/2013,1:38,3.6446,302.28
1/2/2013,1:39,4.2612,300.99
1/2/2013,1:40,4.2409,294.14
1/2/2013,1:41,4.0331,290.26
1/2/2013,1:42,3.7451,296.74
1/2/2013,1:43,2.9958,272.54
1/2/2013,1:44,3.1163,272.64
1/2/2013,1:45,3.7013,283.34
1/2/2013,1:46,2.9037,277.25
1/2/2013,1:47,2.8152,283.34
1/2/2013,1:48,2.4135,293.82
1/2/2013,1:49,2.5811,295.46
1/2/2013,1:50,3.6362,298.46
1/2/2013,1:51,3.3423,285.35
1/2/2013,1:52,3.2419,288.52
1/2/2013,1:53,3.2692,289.19
1/2/2013,1:54,3.6146,300.08
1/2/2013,1:55,4.5957,290.74
1/2/2013,1:56,4.8267,289.82
1/2/2013,1:57,3.2813,274.5
1/2/2013,1:58,2.8692,265.75
1/2/2013,1:59,3.903,282.04
1/2/2013,2:00,4.2494,294.72
1/2/2013,2:01,4.1593,292.26
1/2/2013,2:02,3.1933,282.9
1/2/2013,2:03,3.0326,275.51
1/2/2013,2:04,2.1404,280.58
1/2/2013,2:05,2.5053,281.46
1/2/2013,2:06,3.906,287.9
1/2/2013,2:07,2.8719,267.31
1/2/2013,2:08,4.062,259.58
1/2/2013,2:09,3.531,258.2
1/2/2013,2:10,3.7722,277.38
1/2/2013,2:11,3.2387,263.88
1/2/2013,2:12,3.4356,263.81
1/2/2013,2:13,1.7515,236.42
1/2/2013,2:14,1.683,278.74
1/2/2013,2:15,2.172,287.92
1/2/2013,2:16,1.5727,292.34
1/2/2013,2:17,2.0273,277.07
1/2/2013,2:18,2.351,276.65
1/2/2013,2:19,2.3669,280.67
1/2/2013,2:20,2.2301,259.77
1/2/2013,2:21,2.9553,252.24
1/2/2013,2:22,3.1696,262.52
1/2/2013,2:23,3.3027,269.8
1/2/2013,2:24,3.9873,290.38
1/2/2013,2:25,4.0512,272.87
1/2/2013,2:26,4.3301,277.07
1/2/2013,2:27,3.5351,281.93
1/2/2013,2:28,3.8144,284.55
1/2/2013,2:29,4.742,278.48
1/2/2013,2:30,4.342,274.45
1/2/2013,2:31,4.0439,268.59
1/2/2013,2:32,3.9854,274.12
1/2/2013,2:33,3.7743,272.98
1/2/2013,2:34,3.4966,250.1
1/2/2013,2:35,3.1555,268.52
1/2/2013,2:36,3.4698,278.71
1/2/2013,2:37,3.1132,268.06
1/2/2013,2:38,1.9841,250.38
1/2/2013,2:39,1.4873,225.98
1/2/2013,2:40,0.76865,228.13
1/2/2013,2:41,0.94566,224.78
1/2/2013,2:42,1.0056,216.88
1/2/2013,2:43,0.94657,221.16
1/2/2013,2:44,0.84741,256.87
1/2/2013,2:45,1.2252,244.93
1/2/2013,2:46,2.8434,272.34
1/2/2013,2:47,1.4142,231.22
1/2/2013,2:48,1.0316,233.79
1/2/2013,2:49,1.8171,265.24
1/2/2013,2:50,1.849,278.66
1/2/2013,2:51,2.2417,276.2
1/2/2013,2:52,2.4896,281.67
1/2/2013,2:53,2.3238,279.12
1/2/2013,2:54,2.4376,286.5
1/2/2013,2:55,2.3126,283.34
1/2/2013,2:56,2.8068,281.75
1/2/2013,2:57,2.8493,283.22
1/2/2013,2:58,2.9685,279.91
1/2/2013,2:59,3.0886,279.94
1/2/2013,3:00,2.7469,265.08
1/2/2013,3:01,3.2122,278.82
1/2/2013,3:02,4.6396,286.59
1/2/2013,3:03,5.0092,286.71
1/2/2013,3:04,4.9133,287.77
1/2/2013,3:05,4.8081,288.22
1/2/2013,3:06,5.12,286.29
1/2/2013,3:07,4.881,286.41
1/2/2013,3:08,4.9417,285.9
1/2/2013,3:09,5.3607,289.06
1/2/2013,3:10,5.5165,287.79
1/2/2013,3:11,6.2598,287.89
1/2/2013,3:12,5.9538,292.27
1/2/2013,3:13,4.23,295.63
1/2/2013,3:14,4.7049,302.67
1/2/2013,3:15,4.3339,299.4
1/2/2013,3:16,4.2964,295.38
1/2/2013,3:17,4.1965,298.03
1/2/2013,3:18,5.182,296.19
1/2/2013,3:19,4.5597,299.59
1/2/2013,3:20,4.9108,289.55
1/2/2013,3:21,5.0201,291.33
1/2/2013,3:22,4.8738,296.23
1/2/2013,3:23,4.611,295.6
1/2/2013,3:24,5.003,293.95
1/2/2013,3:25,4.4525,293.31
1/2/2013,3:26,4.5587,296.29
1/2/2013,3:27,5.1677,300.78
1/2/2013,3:28,4.8808,299.06
1/2/2013,3:29,4.5607,305.1
1/2/2013,3:30,3.9901,310.91
1/2/2013,3:31,3.554,305.5
1/2/2013,3:32,3.863,301.44
1/2/2013,3:33,4.8118,296.82
1/2/2013,3:34,5.0557,294.07
1/2/2013,3:35,4.9133,300.93
1/2/2013,3:36,4.8803,298.2
1/2/2013,3:37,4.6834,293.68
1/2/2013,3:38,4.2655,291.25
1/2/2013,3:39,5.0104,295.46
1/2/2013,3:40,4.6795,293.78
1/2/2013,3:41,4.9205,296.12
1/2/2013,3:42,5.1714,290.16
1/2/2013,3:43,4.4424,285.54
1/2/2013,3:44,4.7269,290.25
1/2/2013,3:45,5.0977,285.89
1/2/2013,3:46,4.5024,288.9
1/2/2013,3:47,4.94,290.93
1/2/2013,3:48,4.7641,293.62
1/2/2013,3:49,4.0061,294.56
1/2/2013,3:50,4.7482,295.47
1/2/2013,3:51,4.6537,293.06
1/2/2013,3:52,4.5331,294.84
1/2/2013,3:53,4.9676,293.38
1/2/2013,3:54,4.7582,293.86
1/2/2013,3:55,5.3677,292.36
1/2/2013,3:56,6.288,292.2
1/2/2013,3:57,5.5696,296.09
1/2/2013,3:58,5.5446,299.8
1/2/2013,3:59,5.0721,296.04
1/2/2013,4:00,5.5192,292.93
1/2/2013,4:01,6.283,289.57
1/2/2013,4:02,6.0206,284.69
1/2/2013,4:03,5.7952,285.16
1/2/2013,4:04,5.8579,292.91
1/2/2013,4:05,5.2316,289.4
1/2/2013,4:06,4.2996,302.66
1/2/2013,4:07,5.0485,291.81
1/2/2013,4:08,5.6257,292.45
1/2/2013,4:09,4.1852,294.22
1/2/2013,4:10,4.2336,306.15
1/2/2013,4:11,4.4007,306.4
1/2/2013,4:12,4.188,299.74
1/2/2013,4:13,3.473,309.57
1/2/2013,4:14,3.4813,318.32
1/2/2013,4:15,3.5467,303
1/2/2013,4:16,4.4905,299.69
1/2/2013,4:17,4.7688,299.29
1/2/2013,4:18,4.2814,291.36
1/2/2013,4:19,5.0239,290.14
1/2/2013,4:20,5.6399,291.26
1/2/2013,4:21,5.6704,291.2
1/2/2013,4:22,5.457,293.47
1/2/2013,4:23,4.6914,300.58
1/2/2013,4:24,4.6461,295.42
1/2/2013,4:25,4.4634,306.94
1/2/2013,4:26,4.5348,307.86
1/2/2013,4:27,4.4273,303.82
1/2/2013,4:28,4.9937,288.42
1/2/2013,4:29,5.5291,291.17
1/2/2013,4:30,5.2078,285.42
1/2/2013,4:31,5.6609,284.9
1/2/2013,4:32,5.5776,277.53
1/2/2013,4:33,5.171,275.81
1/2/2013,4:34,4.3882,287
1/2/2013,4:35,4.5496,293.71
1/2/2013,4:36,4.8714,296.29
1/2/2013,4:37,4.912,298.22
1/2/2013,4:38,5.0602,288.34
1/2/2013,4:39,4.844,290.37
1/2/2013,4:40,4.6169,290.58
1/2/2013,4:41,4.8132,288.73
1/2/2013,4:42,4.5237,298.09
1/2/2013,4:43,4.4792,291.77
1/2/2013,4:44,4.3763,290.23
1/2/2013,4:45,5.424,291.68
1/2/2013,4:46,5.3128,297.17
1/2/2013,4:47,4.7807,297.45
1/2/2013,4:48,4.7292,294.57
1/2/2013,4:49,4.9181,288.79
1/2/2013,4:50,4.8285,294.37
1/2/2013,4:51,4.4059,290.56
1/2/2013,4:52,4.5513,296.35
1/2/2013,4:53,4.0234,287.05
1/2/2013,4:54,5.2003,277.88
1/2/2013,4:55,5.2524,279.81
1/2/2013,4:56,5.4996,285.01
1/2/2013,4:57,5.278,283.91
1/2/2013,4:58,5.2778,289.16
1/2/2013,4:59,5.6146,294.24
1/2/2013,5:00,5.7533,292.44
1/2/2013,5:01,6.5195,293.82
1/2/2013,5:02,6.6453,288.19
1/2/2013,5:03,5.8869,290.82
1/2/2013,5:04,5.8009,287.54
1/2/2013,5:05,5.1868,285.02
1/2/2013,5:06,5.8786,284.38
1/2/2013,5:07,5.0651,286.45
1/2/2013,5:08,6.7072,280.31
1/2/2013,5:09,5.2929,292.06
1/2/2013,5:10,5.2827,290.56
1/2/2013,5:11,6.6463,287.86
1/2/2013,5:12,6.2056,285.67
1/2/2013,5:13,5.2557,288.86
1/2/2013,5:14,4.7713,289.33
1/2/2013,5:15,5.3805,296.33
1/2/2013,5:16,5.6948,294.13
1/2/2013,5:17,5.8574,294.14
1/2/2013,5:18,6.5863,294.29
1/2/2013,5:19,4.7214,295.05
1/2/2013,5:20,5.0931,295.24
1/2/2013,5:21,4.3505,302.53
1/2/2013,5:22,5.2699,302.94
1/2/2013,5:23,5.4771,299.92
1/2/2013,5:24,5.3,305.2
1/2/2013,5:25,4.9713,312.84
1/2/2013,5:26,6.0078,294.27
1/2/2013,5:27,5.8258,297.49
1/2/2013,5:28,4.9692,298.16
1/2/2013,5:29,4.929,298.45
1/2/2013,5:30,4.6531,301.63
1/2/2013,5:31,4.0404,301.62
1/2/2013,5:32,5.0765,305.74
1/2/2013,5:33,4.7322,306.78
1/2/2013,5:34,5.0148,308.81
1/2/2013,5:35,4.6368,299.36
1/2/2013,5:36,5.6546,291.32
1/2/2013,5:37,5.9002,293.39
1/2/2013,5:38,5.892,282.58
1/2/2013,5:39,4.3,286.33
1/2/2013,5:40,5.7363,291.94
1/2/2013,5:41,5.4709,294.07
1/2/2013,5:42,4.7004,291.04
1/2/2013,5:43,5.2104,288.51
1/2/2013,5:44,4.9634,297.62
1/2/2013,5:45,4.4663,296.25
1/2/2013,5:46,5.3518,291.33
1/2/2013,5:47,5.6773,279.25
1/2/2013,5:48,6.2312,275.21
1/2/2013,5:49,5.7861,284.53
1/2/2013,5:50,6.8935,291.4
1/2/2013,5:51,6.0022,286.52
1/2/2013,5:52,6.0923,291.17
1/2/2013,5:53,5.4201,290.74
1/2/2013,5:54,5.7347,293.68
1/2/2013,5:55,5.3966,287.51
1/2/2013,5:56,5.7644,289.51
1/2/2013,5:57,4.5358,283.04
1/2/2013,5:58,5.2318,290.04
1/2/2013,5:59,5.0953,284.33
1/2/2013,6:00,4.9234,284.4
1/2/2013,6:01,4.697,283.02
1/2/2013,6:02,3.9168,291.2
1/2/2013,6:03,3.454,281
1/2/2013,6:04,4.2062,282.22
1/2/2013,6:05,5.4638,285.89
1/2/2013,6:06,5.5784,289.01
1/2/2013,6:07,5.1082,298.44
1/2/2013,6:08,5.0067,293.31
1/2/2013,6:09,3.7755,289.75
1/2/2013,6:10,4.8544,281.03
1/2/2013,6:11,5.5721,281.35
1/2/2013,6:12,5.8122,288.55
1/2/2013,6:13,4.769,287.66
1/2/2013,6:14,4.6517,281.84
1/2/2013,6:15,4.9421,282.86
1/2/2013,6:16,5.0248,274.42
1/2/2013,6:17,5.4184,279.23
1/2/2013,6:18,4.6916,275.53
1/2/2013,6:19,5.5552,278.91
1/2/2013,6:20,5.4653,287.64
1/2/2013,6:21,4.134,290.26
1/2/2013,6:22,4.5013,296.87
1/2/2013,6:23,3.8486,290.03
1/2/2013,6:24,3.7197,285.03
1/2/2013,6:25,4.2184,290.5
1/2/2013,6:26,3.9941,291.37
1/2/2013,6:27,4.1345,281.26
1/2/2013,6:28,4.2445,283.84
1/2/2013,6:29,3.0439,288.17
1/2/2013,6:30,3.2988,286.21
1/2/2013,6:31,3.2816,291.32
1/2/2013,6:32,3.1254,294.95
1/2/2013,6:33,2.4225,287.88
1/2/2013,6:34,1.8825,289.44
1/2/2013,6:35,2.1024,278.27
1/2/2013,6:36,2.4481,275.83
1/2/2013,6:37,2.8922,275.55
1/2/2013,6:38,3.1352,285.14
1/2/2013,6:39,3.5418,286.19
1/2/2013,6:40,3.5979,284.14
1/2/2013,6:41,2.2805,287.87
1/2/2013,6:42,1.5431,290.8
1/2/2013,6:43,1.6351,291.87
1/2/2013,6:44,1.9102,315.2
1/2/2013,6:45,2.0609,343.09
1/2/2013,6:46,1.7335,350.14
1/2/2013,6:47,1.6271,347.47
1/2/2013,6:48,2.4686,3.2258
1/2/2013,6:49,2.8359,356.01
1/2/2013,6:50,2.91,350.09
1/2/2013,6:51,3.1566,351.97
1/2/2013,6:52,2.5963,350.14
1/2/2013,6:53,1.8015,332.56
1/2/2013,6:54,1.4374,326.11
1/2/2013,6:55,1.573,320.77
1/2/2013,6:56,2.0526,306
1/2/2013,6:57,3.1374,324.22
1/2/2013,6:58,2.7529,336.28
1/2/2013,6:59,2.4622,338.16
1/2/2013,7:00,2.2321,322.57
1/2/2013,7:01,2.9786,313.9
1/2/2013,7:02,2.6147,327.12
1/2/2013,7:03,2.6928,341.6
1/2/2013,7:04,3.553,341.95
1/2/2013,7:05,2.9598,345.12
1/2/2013,7:06,2.5658,336.01
1/2/2013,7:07,2.7592,339.16
1/2/2013,7:08,2.4989,337.7
1/2/2013,7:09,3.1828,340.92
1/2/2013,7:10,3.2873,5.3314
1/2/2013,7:11,3.0932,5.2444
1/2/2013,7:12,3.1109,354.92
1/2/2013,7:13,3.1163,352.67
1/2/2013,7:14,3.6008,343.18
1/2/2013,7:15,3.4152,349.58
1/2/2013,7:16,3.159,345.75
1/2/2013,7:17,2.8762,345.77
1/2/2013,7:18,3.209,335.37
1/2/2013,7:19,3.6249,335.08
1/2/2013,7:20,2.9865,342.11
1/2/2013,7:21,3.1944,338.28
1/2/2013,7:22,2.8622,315.38
1/2/2013,7:23,3.0615,306.82
1/2/2013,7:24,3.4623,299.65
1/2/2013,7:25,3.2067,298.2
1/2/2013,7:26,2.4973,320.08
1/2/2013,7:27,2.3139,341.92
1/2/2013,7:28,2.3212,341.46
1/2/2013,7:29,1.9266,331.98
1/2/2013,7:30,1.7128,324.76
1/2/2013,7:31,2.1736,336.6
1/2/2013,7:32,2.6173,345.94
1/2/2013,7:33,1.9139,347.77
1/2/2013,7:34,1.7489,348.96
1/2/2013,7:35,1.7732,333.86
1/2/2013,7:36,1.8851,319.67
1/2/2013,7:37,1.2574,310.06
1/2/2013,7:38,1.3102,311.66
1/2/2013,7:39,1.6184,311.94
1/2/2013,7:40,2.1564,295.26
1/2/2013,7:41,3.6586,289.92
1/2/2013,7:42,4.8897,284.15
1/2/2013,7:43,4.0647,293.53
1/2/2013,7:44,3.0745,323.36
1/2/2013,7:45,2.5941,324.24
1/2/2013,7:46,2.6563,326.05
1/2/2013,7:47,2.2017,321.22
1/2/2013,7:48,2.5569,307.49
1/2/2013,7:49,2.5155,305.85
1/2/2013,7:50,2.8166,294.12
1/2/2013,7:51,3.4989,280.36
1/2/2013,7:52,3.3653,279.03
1/2/2013,7:53,3.5981,277.99
1/2/2013,7:54,3.5438,286.81
1/2/2013,7:55,3.3619,293.98
1/2/2013,7:56,2.6423,292.71
1/2/2013,7:57,2.7633,296.69
1/2/2013,7:58,3.6498,289.33
1/2/2013,7:59,3.3193,295.27
1/2/2013,8:00,3.368,293
1/2/2013,8:01,2.9392,293.12
1/2/2013,8:02,1.9459,285.88
1/2/2013,8:03,1.9365,299.36
1/2/2013,8:04,1.8691,313.72
1/2/2013,8:05,1.7667,318.62
1/2/2013,8:06,2.6268,287.29
1/2/2013,8:07,3.3887,286.36
1/2/2013,8:08,3.4993,285.54
1/2/2013,8:09,3.397,307.58
1/2/2013,8:10,3.1018,320.48
1/2/2013,8:11,3.0566,310.84
1/2/2013,8:12,3.1013,308.03
1/2/2013,8:13,2.7157,307.22
1/2/2013,8:14,1.9006,297.55
1/2/2013,8:15,3.7052,297.43
1/2/2013,8:16,4.6647,298.86
1/2/2013,8:17,4.2138,285.53
1/2/2013,8:18,4.2054,278.18
1/2/2013,8:19,4.2601,276.79
1/2/2013,8:20,3.7754,285.25
1/2/2013,8:21,4.2726,278.8
1/2/2013,8:22,4.5805,274.52
1/2/2013,8:23,4.5821,276.09
1/2/2013,8:24,4.5277,284.44
1/2/2013,8:25,4.4554,289.73
1/2/2013,8:26,5.166,275.81
1/2/2013,8:27,4.7344,277.45
1/2/2013,8:28,5.0391,271.72
1/2/2013,8:29,5.234,269.84
1/2/2013,8:30,5.1365,269.83
1/2/2013,8:31,4.6753,273.66
1/2/2013,8:32,4.3644,270.96
1/2/2013,8:33,4.5775,269.76
1/2/2013,8:34,4.2367,278.76
1/2/2013,8:35,4.0255,276.99
1/2/2013,8:36,3.488,281.58
1/2/2013,8:37,3.4126,277.95
1/2/2013,8:38,4.0477,290.77
1/2/2013,8:39,4.961,303.29
1/2/2013,8:40,3.5584,296.18
1/2/2013,8:41,2.7449,300.51
1/2/2013,8:42,2.5882,305.64
1/2/2013,8:43,3.6438,311.14
1/2/2013,8:44,3.6666,305.26
1/2/2013,8:45,3.0663,299.97
1/2/2013,8:46,2.9149,303.5
1/2/2013,8:47,2.8885,295.96
1/2/2013,8:48,2.9948,297.12
1/2/2013,8:49,2.9915,287.99
1/2/2013,8:50,4.1308,290.21
1/2/2013,8:51,3.8071,292.76
1/2/2013,8:52,3.7108,303.17
1/2/2013,8:53,4.5034,294.03
1/2/2013,8:54,3.6316,287.87
1/2/2013,8:55,3.1785,285.44
1/2/2013,8:56,4.1085,292.28
1/2/2013,8:57,4.7932,304.66
1/2/2013,8:58,3.7849,286.21
1/2/2013,8:59,3.9432,285.81
1/2/2013,9:00,4.68,298.01
1/2/2013,9:01,4.7869,290.23
1/2/2013,9:02,4.0027,287.62
1/2/2013,9:03,3.7675,283.86
1/2/2013,9:04,4.2223,285.4
1/2/2013,9:05,5.8304,285.49
1/2/2013,9:06,4.6024,283.34
1/2/2013,9:07,4.8617,284.33
1/2/2013,9:08,4.8844,286.52
1/2/2013,9:09,6.4887,290.26
1/2/2013,9:10,6.5577,295.78
1/2/2013,9:11,5.5362,290.05
1/2/2013,9:12,4.6172,286.01
1/2/2013,9:13,5.6513,288.32
1/2/2013,9:14,5.5271,294.13
1/2/2013,9:15,4.8938,285.42
1/2/2013,9:16,3.811,294.54
1/2/2013,9:17,4.0666,287.35
1/2/2013,9:18,5.1723,279.99
1/2/2013,9:19,4.5661,289.95
1/2/2013,9:20,5.9814,285.26
1/2/2013,9:21,6.2133,297.21
1/2/2013,9:22,6.3051,303.16
1/2/2013,9:23,4.8911,309.34
1/2/2013,9:24,4.3787,306.83
1/2/2013,9:25,6.0929,294.59
1/2/2013,9:26,4.7647,311.86
1/2/2013,9:27,5.0996,302.75
1/2/2013,9:28,5.0476,306.64
1/2/2013,9:29,4.192,291.85
1/2/2013,9:30,3.9292,303.41
1/2/2013,9:31,5.0847,302.35
1/2/2013,9:32,4.7443,280.65
1/2/2013,9:33,5.4924,310.26
1/2/2013,9:34,4.4401,301.66
1/2/2013,9:35,6.1105,287.25
1/2/2013,9:36,6.3991,291.66
1/2/2013,9:37,6.3518,292.79
1/2/2013,9:38,5.8101,300.06
1/2/2013,9:39,5.2592,297.4
1/2/2013,9:40,6.5236,298.35
1/2/2013,9:41,5.6425,295.7
1/2/2013,9:42,6.0753,295.39
1/2/2013,9:43,6.3169,282.94
1/2/2013,9:44,5.5625,294.45
1/2/2013,9:45,5.3186,303.29
1/2/2013,9:46,4.9089,297.03
1/2/2013,9:47,5.4072,291.43
1/2/2013,9:48,6.0717,294.24
1/2/2013,9:49,4.8346,291.65
1/2/2013,9:50,4.7029,281.83
1/2/2013,9:51,5.7741,294.99
1/2/2013,9:52,4.6176,286.31
1/2/2013,9:53,4.9974,281.55
1/2/2013,9:54,6.1299,286.35
1/2/2013,9:55,4.8137,311.47
1/2/2013,9:56,3.7292,308.67
1/2/2013,9:57,4.333,306.98
1/2/2013,9:58,4.8088,306.27
1/2/2013,9:59,3.2797,281.52
1/2/2013,10:00,3.1613,291.34
1/2/2013,10:01,3.067,291.16
1/2/2013,10:02,3.6658,292.59
1/2/2013,10:03,4.3171,285.4
1/2/2013,10:04,4.8993,290.17
1/2/2013,10:05,4.8237,292.76
1/2/2013,10:06,4.9707,289.64
1/2/2013,10:07,4.7136,285.8
1/2/2013,10:08,3.8776,317.73
1/2/2013,10:09,4.3774,304.22
1/2/2013,10:10,4.4181,296.06
1/2/2013,10:11,5.0472,305.62
1/2/2013,10:12,4.4193,299.26
1/2/2013,10:13,3.5994,304.66
1/2/2013,10:14,4.2699,307.97
1/2/2013,10:15,3.5403,300.29
1/2/2013,10:16,3.6253,277.38
1/2/2013,10:17,4.5987,289.96
1/2/2013,10:18,3.8361,301.96
1/2/2013,10:19,3.9651,305.22
1/2/2013,10:20,3.8556,303.43
1/2/2013,10:21,3.8813,293.58
1/2/2013,10:22,4.3457,302.77
1/2/2013,10:23,4.5359,284.48
1/2/2013,10:24,5.2894,279.07
1/2/2013,10:25,5.1242,288.19
1/2/2013,10:26,3.6571,297.2
1/2/2013,10:27,4.6042,317.17
1/2/2013,10:28,4.2995,327.12
1/2/2013,10:29,4.0344,307.6
1/2/2013,10:30,3.1425,300
1/2/2013,10:31,4.3757,279.08
1/2/2013,10:32,4.359,303.98
1/2/2013,10:33,4.8942,297.29
1/2/2013,10:34,4.9433,289.32
1/2/2013,10:35,4.7492,298.62
1/2/2013,10:36,5.87,308.14
1/2/2013,10:37,4.9463,308.79
1/2/2013,10:38,5.1977,315.94
1/2/2013,10:39,4.0476,305.15
1/2/2013,10:40,5.1949,290.07
1/2/2013,10:41,4.6424,307.41
1/2/2013,10:42,3.2998,302.01
1/2/2013,10:43,2.5618,311.55
1/2/2013,10:44,2.4888,324.32
1/2/2013,10:45,2.3642,311.27
1/2/2013,10:46,3.6587,275.8
1/2/2013,10:47,5.9395,322.91
1/2/2013,10:48,3.1456,349.86
1/2/2013,10:49,2.6058,354.24
1/2/2013,10:50,3.4666,341.2
1/2/2013,10:51,4.2121,316.75
1/2/2013,10:52,4.8038,320.48
1/2/2013,10:53,4.5268,299.12
1/2/2013,10:54,4.8238,294.36
1/2/2013,10:55,4.608,294.18
1/2/2013,10:56,4.0825,299.02
1/2/2013,10:57,4.5634,308.87
1/2/2013,10:58,5.4799,315.01
1/2/2013,10:59,6.1007,298.65
1/2/2013,11:00,5.0015,301.71
1/2/2013,11:01,5.66,325.63
1/2/2013,11:02,4.1164,337.14
1/2/2013,11:03,3.5966,334.82
1/2/2013,11:04,2.9961,286
1/2/2013,11:05,4.1717,301.5
1/2/2013,11:06,4.3299,280.26
1/2/2013,11:07,4.8504,291.79
1/2/2013,11:08,4.4615,277.02
1/2/2013,11:09,3.351,265.58
1/2/2013,11:10,3.2045,277.84
1/2/2013,11:11,3.8896,297.69
1/2/2013,11:12,3.908,302.59
1/2/2013,11:13,4.2135,309.64
1/2/2013,11:14,4.125,293.63
1/2/2013,11:15,4.6404,302.69
1/2/2013,11:16,4.3096,303.56
1/2/2013,11:17,4.5155,299.72
1/2/2013,11:18,5.0114,327.11
1/2/2013,11:19,3.5442,342.36
1/2/2013,11:20,3.3545,331.33
1/2/2013,11:21,4.0963,337.94
1/2/2013,11:22,3.7838,345.98
1/2/2013,11:23,3.4895,355.06
1/2/2013,11:24,1.5472,359.46
1/2/2013,11:25,2.0165,352.12
1/2/2013,11:26,2.202,324.63
1/2/2013,11:27,1.7222,292.02
1/2/2013,11:28,1.1995,257.57
1/2/2013,11:29,1.3097,350.86
1/2/2013,11:30,0.96873,351.7
1/2/2013,11:31,1.8824,2.3818
1/2/2013,11:32,2.1848,9.6761
1/2/2013,11:33,1.2744,3.9536
1/2/2013,11:34,1.0774,353.74
1/2/2013,11:35,2.0356,355.21
1/2/2013,11:36,2.0446,8.2461
1/2/2013,11:37,3.5802,348.43
1/2/2013,11:38,3.5167,345.29
1/2/2013,11:39,2.6721,338.04
1/2/2013,11:40,3.7642,341.97
1/2/2013,11:41,3.3102,41.842
1/2/2013,11:42,3.0903,39.078
1/2/2013,11:43,3.3553,45.143
1/2/2013,11:44,3.4165,11.045
1/2/2013,11:45,3.9839,359.68
1/2/2013,11:46,4.7227,5.144
1/2/2013,11:47,4.5751,3.1466
1/2/2013,11:48,4.7615,352.93
1/2/2013,11:49,4.5869,349.66
1/2/2013,11:50,4.1631,347.96
1/2/2013,11:51,3.7939,348.48
1/2/2013,11:52,4.0186,355.19
1/2/2013,11:53,4.578,349.09
1/2/2013,11:54,4.8921,355.83
1/2/2013,11:55,5.3123,358.43
1/2/2013,11:56,5.1351,349.07
1/2/2013,11:57,4.9495,351.65
1/2/2013,11:58,4.863,349.2
1/2/2013,11:59,4.43,347.72
1/2/2013,12:00,4.5856,349.06
1/2/2013,12:01,5.1786,348.95
1/2/2013,12:02,4.2615,348.7
1/2/2013,12:03,4.531,350.42
1/2/2013,12:04,3.8543,2.2764
1/2/2013,12:05,4.325,14.659
1/2/2013,12:06,3.5864,20.977
1/2/2013,12:07,3.2828,29.244
1/2/2013,12:08,3.5158,13.129
1/2/2013,12:09,3.0018,31.149
1/2/2013,12:10,3.2066,13.378
1/2/2013,12:11,2.5935,31.949
1/2/2013,12:12,3.7563,44.503
1/2/2013,12:13,4.5452,48.626
1/2/2013,12:14,4.1779,39.462
1/2/2013,12:15,4.4358,45.264
1/2/2013,12:16,3.8374,37.873
1/2/2013,12:17,3.589,41.219
1/2/2013,12:18,3.4696,44.268
1/2/2013,12:19,3.2429,48.69
1/2/2013,12:20,3.6099,47.635
1/2/2013,12:21,3.8741,51.998
1/2/2013,12:22,3.1319,50.554
1/2/2013,12:23,3.6372,56.995
1/2/2013,12:24,2.974,57.596
1/2/2013,12:25,3.6908,56.051
1/2/2013,12:26,2.7873,57.335
1/2/2013,12:27,3.2039,51.36
1/2/2013,12:28,3.4906,54.812
1/2/2013,12:29,3.5662,46.86
1/2/2013,12:30,3.1794,36.501
1/2/2013,12:31,3.1024,39.156
1/2/2013,12:32,2.6184,33.34
1/2/2013,12:33,2.515,26.601
1/2/2013,12:34,3.2583,24.482
1/2/2013,12:35,2.733,27.572
1/2/2013,12:36,3.1949,44.525
1/2/2013,12:37,3.2527,55.757
1/2/2013,12:38,3.5693,46.225
1/2/2013,12:39,2.5128,38.813
1/2/2013,12:40,2.6494,41.971
1/2/2013,12:41,2.3418,38.013
1/2/2013,12:42,2.1392,27.708
1/2/2013,12:43,2.7021,31.971
1/2/2013,12:44,3.0589,31.447
1/2/2013,12:45,3.9225,16.036
1/2/2013,12:46,3.5047,26.384
1/2/2013,12:47,3.2408,25.948
1/2/2013,12:48,3.0783,36.871
1/2/2013,12:49,3.2651,43.979
1/2/2013,12:50,2.779,24.861
1/2/2013,12:51,2.8037,8.3431
1/2/2013,12:52,3.0442,11.439
1/2/2013,12:53,3.0705,11.438
1/2/2013,12:54,2.9893,20.575
1/2/2013,12:55,3.1887,21.638
1/2/2013,12:56,3.3888,21.521
1/2/2013,12:57,3.1903,25.624
1/2/2013,12:58,2.7502,20.453
1/2/2013,12:59,2.8791,23.528
1/2/2013,13:00,2.6414,12.3
1/2/2013,13:01,2.7208,10.457
1/2/2013,13:02,2.3665,19.319
1/2/2013,13:03,2.5324,26.402
1/2/2013,13:04,2.4075,36.987
1/2/2013,13:05,1.8548,34.364
1/2/2013,13:06,2.3317,10.575
1/2/2013,13:07,2.1196,22.515
1/2/2013,13:08,1.8334,17.754
1/2/2013,13:09,1.8596,22.905
1/2/2013,13:10,1.5168,22.17
1/2/2013,13:11,1.4606,44.77
1/2/2013,13:12,2.8092,51.745
1/2/2013,13:13,2.208,52.128
1/2/2013,13:14,2.1898,37.758
1/2/2013,13:15,2.584,49.032
1/2/2013,13:16,2.6168,61.956
1/2/2013,13:17,1.8424,65.35
1/2/2013,13:18,1.7832,69.281
1/2/2013,13:19,2.5172,70.541
1/2/2013,13:20,3.1705,69.975
1/2/2013,13:21,2.9368,69.735
1/2/2013,13:22,2.483,54.903
1/2/2013,13:23,2.1473,60.969
1/2/2013,13:24,1.7766,66.063
1/2/2013,13:25,1.8098,66.646
1/2/2013,13:26,1.5314,79.211
1/2/2013,13:27,1.0055,64.685
1/2/2013,13:28,0.47617,40.484
1/2/2013,13:29,1.9493,63.023
1/2/2013,13:30,1.7556,44.677
1/2/2013,13:31,1.403,88.077
1/2/2013,13:32,1.5423,110.67
1/2/2013,13:33,1.1005,111.22
1/2/2013,13:34,1.104,109.72
1/2/2013,13:35,1.428,53.554
1/2/2013,13:36,1.3105,76.087
1/2/2013,13:37,1.3664,95.186
1/2/2013,13:38,1.3304,108.42
1/2/2013,13:39,0.98768,111.41
1/2/2013,13:40,1.0396,131.45
1/2/2013,13:41,0.92537,97.973
1/2/2013,13:42,1.6234,129.73
1/2/2013,13:43,1.5482,97.246
1/2/2013,13:44,1.476,101.94
1/2/2013,13:45,1.7081,122.5
1/2/2013,13:46,0.93487,101.51
1/2/2013,13:47,1.1014,111.3
1/2/2013,13:48,1.7308,104.82
1/2/2013,13:49,1.6999,99.113
1/2/2013,13:50,1.2066,99.586
1/2/2013,13:51,2.0561,91.948
1/2/2013,13:52,2.0223,86.255
1/2/2013,13:53,1.7054,89.161
1/2/2013,13:54,1.2803,84.484
1/2/2013,13:55,1.1161,78.782
1/2/2013,13:56,0.78489,101.82
1/2/2013,13:57,0.65964,115.63
1/2/2013,13:58,2.3039,141.41
1/2/2013,13:59,2.0828,145.62
1/2/2013,14:00,2.3299,144.13
1/2/2013,14:01,1.1806,169.74
1/2/2013,14:02,1.4056,171.6
1/2/2013,14:03,1.6636,153.11
1/2/2013,14:04,1.8017,156.62
1/2/2013,14:05,1.0485,126.77
1/2/2013,14:06,1.4117,152.14
1/2/2013,14:07,2.3714,163.97
1/2/2013,14:08,2.6069,165.08
1/2/2013,14:09,2.2488,156.83
1/2/2013,14:10,2.5668,165.35
1/2/2013,14:11,2.0158,163.57
1/2/2013,14:12,2.5008,137.32
1/2/2013,14:13,2.5726,127.64
1/2/2013,14:14,3.1787,128.84
1/2/2013,14:15,3.553,143.25
1/2/2013,14:16,3.9577,135.48
1/2/2013,14:17,3.5019,137.71
1/2/2013,14:18,2.6735,135.13
1/2/2013,14:19,3.856,128.88
1/2/2013,14:20,3.6231,120.07
1/2/2013,14:21,1.9156,123.23
1/2/2013,14:22,1.9185,109.2
1/2/2013,14:23,2.3068,91.556
1/2/2013,14:24,3.6117,141.07
1/2/2013,14:25,3.1274,139.86
1/2/2013,14:26,3.4634,130.97
1/2/2013,14:27,3.0458,132.23
1/2/2013,14:28,2.6822,129.51
1/2/2013,14:29,2.8657,146.98
1/2/2013,14:30,2.9943,152.73
1/2/2013,14:31,2.7629,151.9
1/2/2013,14:32,2.6791,140.67
1/2/2013,14:33,2.3276,141.21
1/2/2013,14:34,3.2709,158.26
1/2/2013,14:35,3.6737,169.4
1/2/2013,14:36,3.2886,177.2
1/2/2013,14:37,3.5853,180.25
1/2/2013,14:38,2.7177,186.07
1/2/2013,14:39,2.6102,191.43
1/2/2013,14:40,2.8418,177.31
1/2/2013,14:41,2.7458,173.26
1/2/2013,14:42,3.3886,163.06
1/2/2013,14:43,2.9538,179.72
1/2/2013,14:44,2.9064,185.06
1/2/2013,14:45,2.8421,176.75
1/2/2013,14:46,3.4499,164.89
1/2/2013,14:47,3.4981,160.03
1/2/2013,14:48,3.0662,161.92
1/2/2013,14:49,2.9481,170.27
1/2/2013,14:50,3.4558,168.65
1/2/2013,14:51,3.5648,165.83
1/2/2013,14:52,3.8645,153.52
1/2/2013,14:53,3.9934,144.45
1/2/2013,14:54,2.9138,150.76
1/2/2013,14:55,3.7202,153.9
1/2/2013,14:56,4.3448,161.09
1/2/2013,14:57,3.7021,162.1
1/2/2013,14:58,3.9018,150.21
1/2/2013,14:59,3.3742,157.5
1/2/2013,15:00,3.3446,154.3
1/2/2013,15:01,2.7571,149.29
1/2/2013,15:02,3.1424,145.5
1/2/2013,15:03,3.4923,145.49
1/2/2013,15:04,3.4386,154.19
1/2/2013,15:05,3.6132,154.5
1/2/2013,15:06,3.7014,152.46
1/2/2013,15:07,3.4804,143.11
1/2/2013,15:08,4.3285,146.22
1/2/2013,15:09,3.7397,148.83
1/2/2013,15:10,3.2799,143.36
1/2/2013,15:11,3.7461,125.17
1/2/2013,15:12,4.0908,125.32
1/2/2013,15:13,3.226,126.28
1/2/2013,15:14,2.9026,128.44
1/2/2013,15:15,3.3024,129.15
1/2/2013,15:16,3.3871,127.9
1/2/2013,15:17,3.7988,123.51
1/2/2013,15:18,3.4228,127.69
1/2/2013,15:19,3.8975,127.13
1/2/2013,15:20,3.6578,126.23
1/2/2013,15:21,3.0447,122.68
1/2/2013,15:22,3.0397,128.59
1/2/2013,15:23,3.3262,128.33
1/2/2013,15:24,3.1485,131.91
1/2/2013,15:25,3.431,127.46
1/2/2013,15:26,3.7819,126.74
1/2/2013,15:27,3.3399,128.34
1/2/2013,15:28,3.1966,127.69
1/2/2013,15:29,2.7009,140.68
1/2/2013,15:30,2.5483,138.66
1/2/2013,15:31,2.9359,145.58
1/2/2013,15:32,2.5037,141.27
1/2/2013,15:33,2.84,124.91
1/2/2013,15:34,2.282,112.92
1/2/2013,15:35,2.1532,111.26
1/2/2013,15:36,1.9947,114.96
1/2/2013,15:37,1.6313,105.4
1/2/2013,15:38,2.1953,94.512
1/2/2013,15:39,2.2352,104.5
1/2/2013,15:40,2.326,109.67
1/2/2013,15:41,3.2965,117.38
1/2/2013,15:42,3.6392,131.54
1/2/2013,15:43,3.5875,126.37
1/2/2013,15:44,4.1776,121.89
1/2/2013,15:45,3.9641,128.11
1/2/2013,15:46,3.0341,133.55
1/2/2013,15:47,3.1962,133.48
1/2/2013,15:48,2.9441,142.61
1/2/2013,15:49,3.1025,138.91
1/2/2013,15:50,2.9123,124.43
1/2/2013,15:51,3.1692,121.09
1/2/2013,15:52,2.176,110.43
1/2/2013,15:53,1.8677,102.07
1/2/2013,15:54,1.9872,103.69
1/2/2013,15:55,1.4274,108.36
1/2/2013,15:56,1.7216,115.77
1/2/2013,15:57,1.3751,113.49
1/2/2013,15:58,1.3463,107.8
1/2/2013,15:59,1.5015,121.6
1/2/2013,16:00,1.0624,118.46
1/2/2013,16:01,1.6629,127.6
1/2/2013,16:02,2.2388,119.81
1/2/2013,16:03,2.7831,121.86
1/2/2013,16:04,2.7869,120.35
1/2/2013,16:05,2.6734,114.83
1/2/2013,16:06,2.6223,113.79
1/2/2013,16:07,2.2548,115.67
1/2/2013,16:08,2.0188,113.31
1/2/2013,16:09,1.4885,101.41
1/2/2013,16:10,1.414,88.538
1/2/2013,16:11,1.0762,71.982
1/2/2013,16:12,1.3769,69.487
1/2/2013,16:13,0.96912,101.2
1/2/2013,16:14,1.4745,157.49
1/2/2013,16:15,1.8672,134.3
1/2/2013,16:16,2.0925,132.84
1/2/2013,16:17,1.686,126.8
1/2/2013,16:18,2.142,125.29
1/2/2013,16:19,2.2073,116.82
1/2/2013,16:20,1.7738,112.68
1/2/2013,16:21,0.95201,108.33
1/2/2013,16:22,1.2962,129.21
1/2/2013,16:23,1.6302,138.17
1/2/2013,16:24,2.2291,153.57
1/2/2013,16:25,1.9365,158.49
1/2/2013,16:26,1.9815,162.59
1/2/2013,16:27,2.0124,170.25
1/2/2013,16:28,2.0655,173.62
1/2/2013,16:29,1.8101,182.55
1/2/2013,16:30,1.3505,203.71
1/2/2013,16:31,1.2896,221.25
1/2/2013,16:32,1.5462,226.33
1/2/2013,16:33,0.95882,210.09
1/2/2013,16:34,1.0868,180.34
1/2/2013,16:35,1.1694,186.6
1/2/2013,16:36,1.2238,183.16
1/2/2013,16:37,1.1314,177.24
1/2/2013,16:38,1.1396,163.04
1/2/2013,16:39,0.97684,168.42
1/2/2013,16:40,0.69977,152.11
1/2/2013,16:41,0.88285,161.73
1/2/2013,16:42,1.264,180.65
1/2/2013,16:43,1.37,190.36
1/2/2013,16:44,1.4831,187.11
1/2/2013,16:45,1.4271,207.78
1/2/2013,16:46,1.614,214.04
1/2/2013,16:47,1.5306,207.04
1/2/2013,16:48,1.8811,220.88
1/2/2013,16:49,1.4376,208.41
1/2/2013,16:50,0.93044,213.7
1/2/2013,16:51,0.94885,194.79
1/2/2013,16:52,1.2493,149.79
1/2/2013,16:53,1.0327,156.18
1/2/2013,16:54,1.0226,147.45
1/2/2013,16:55,1.353,150.48
1/2/2013,16:56,1.2738,159.46
1/2/2013,16:57,1.2792,167.51
1/2/2013,16:58,1.2403,176.74
1/2/2013,16:59,1.0307,183.78
1/2/2013,17:00,0.4318,174.31
1/2/2013,17:01,0.49652,187.94
1/2/2013,17:02,0.93832,164.37
1/2/2013,17:03,1.3351,177.6
1/2/2013,17:04,0.9504,198.18
1/2/2013,17:05,1.1052,205.75
1/2/2013,17:06,1.0223,205.56
1/2/2013,17:07,1.7623,224.5
1/2/2013,17:08,2.2262,230.72
1/2/2013,17:09,2.0062,235.41
1/2/2013,17:10,1.707,235.83
1/2/2013,17:11,1.4088,241.4
1/2/2013,17:12,1.553,240.4
1/2/2013,17:13,1.536,236.54
1/2/2013,17:14,1.5316,237.54
1/2/2013,17:15,1.9218,214.49
1/2/2013,17:16,2.1701,212.67
1/2/2013,17:17,2.6002,216.39
1/2/2013,17:18,2.2398,207.15
1/2/2013,17:19,2.2583,218.27
1/2/2013,17:20,2.6537,233.6
1/2/2013,17:21,3.2121,226.62
1/2/2013,17:22,2.4039,207.33
1/2/2013,17:23,2.4476,220.65
1/2/2013,17:24,2.4075,183.69
1/2/2013,17:25,2.4744,172.59
1/2/2013,17:26,2.6338,189.43
1/2/2013,17:27,2.1805,189.34
1/2/2013,17:28,2.746,189.77
1/2/2013,17:29,2.3972,193.56
1/2/2013,17:30,2.8173,198.43
1/2/2013,17:31,3.249,199.51
1/2/2013,17:32,3.5909,197.74
1/2/2013,17:33,4.109,189.62
1/2/2013,17:34,3.8005,191.33
1/2/2013,17:35,3.5737,184.15
1/2/2013,17:36,3.8438,186.25
1/2/2013,17:37,3.2991,186.93
1/2/2013,17:38,3.2275,189.15
1/2/2013,17:39,3.011,196.47
1/2/2013,17:40,2.9732,198.17
1/2/2013,17:41,2.7553,205.46
1/2/2013,17:42,2.7888,205.07
1/2/2013,17:43,3.0225,201.22
1/2/2013,17:44,3.7305,195.05
1/2/2013,17:45,3.7031,183.11
1/2/2013,17:46,3.4875,179.64
1/2/2013,17:47,3.7141,186.44
1/2/2013,17:48,3.7048,182.19
1/2/2013,17:49,3.8739,185.07
1/2/2013,17:50,3.7652,184.69
1/2/2013,17:51,3.5906,195.32
1/2/2013,17:52,3.4868,190.27
1/2/2013,17:53,3.2774,185.7
1/2/2013,17:54,3.375,190.3
1/2/2013,17:55,3.2898,183.56
1/2/2013,17:56,3.3046,185.94
1/2/2013,17:57,3.3553,190.13
1/2/2013,17:58,3.2558,197.55
1/2/2013,17:59,3.4525,195.96
1/2/2013,18:00,3.4215,195.3
1/2/2013,18:01,3.2057,196.62
1/2/2013,18:02,2.9804,187.42
1/2/2013,18:03,2.7742,189.34
1/2/2013,18:04,2.734,189.1
1/2/2013,18:05,2.382,184.65
1/2/2013,18:06,2.5421,184.88
1/2/2013,18:07,1.8891,193.18
1/2/2013,18:08,1.5918,195.54
1/2/2013,18:09,2.1399,180.47
1/2/2013,18:10,1.823,185.66
1/2/2013,18:11,1.9995,170.75
1/2/2013,18:12,2.1468,200
1/2/2013,18:13,1.8917,213.31
1/2/2013,18:14,2.2211,206.41
1/2/2013,18:15,1.9237,205.06
1/2/2013,18:16,1.7575,199.06
1/2/2013,18:17,1.8125,208.25
1/2/2013,18:18,2.1226,217.33
1/2/2013,18:19,1.6237,219.01
1/2/2013,18:20,1.3916,226.69
1/2/2013,18:21,1.286,211.19
1/2/2013,18:22,2.1469,215.43
1/2/2013,18:23,2.1679,217.54
1/2/2013,18:24,1.726,234.93
1/2/2013,18:25,1.6204,222.76
1/2/2013,18:26,1.4004,229.87
1/2/2013,18:27,0.86095,217.21
1/2/2013,18:28,0.88031,230.94
1/2/2013,18:29,0.79824,239.27
1/2/2013,18:30,1.2622,232.02
1/2/2013,18:31,2.333,240.52
1/2/2013,18:32,2.5654,241.92
1/2/2013,18:33,2.023,230.26
1/2/2013,18:34,2.005,218.34
1/2/2013,18:35,2.0874,205.12
1/2/2013,18:36,2.2654,196.34
1/2/2013,18:37,2.3258,195.75
1/2/2013,18:38,2.2092,201.47
1/2/2013,18:39,2.409,201.12
1/2/2013,18:40,2.2759,206.43
1/2/2013,18:41,2.2197,202.15
1/2/2013,18:42,2.3798,201.44
1/2/2013,18:43,2.3254,194.63
1/2/2013,18:44,2.3767,182.79
1/2/2013,18:45,2.4775,178.03
1/2/2013,18:46,2.8288,170.77
1/2/2013,18:47,2.7325,168.67
1/2/2013,18:48,2.4674,165.74
1/2/2013,18:49,3.3953,158.94
1/2/2013,18:50,3.0315,159.15
1/2/2013,18:51,2.7486,166.64
1/2/2013,18:52,2.9727,174.44
1/2/2013,18:53,2.8436,184.82
1/2/2013,18:54,3.2259,185.68
1/2/2013,18:55,2.8606,189.95
1/2/2013,18:56,2.7253,187.47
1/2/2013,18:57,2.7346,179.28
1/2/2013,18:58,3.3837,175.82
1/2/2013,18:59,2.7367,175.07
1/2/2013,19:00,2.3622,164.28
1/2/2013,19:01,3.0743,164.53
1/2/2013,19:02,3.0562,174.67
1/2/2013,19:03,2.6356,167.53
1/2/2013,19:04,2.6973,167.37
1/2/2013,19:05,2.3527,169.34
1/2/2013,19:06,2.319,176.87
1/2/2013,19:07,1.9557,179.9
1/2/2013,19:08,1.7418,194.26
1/2/2013,19:09,1.9909,203.76
1/2/2013,19:10,2.2908,199.18
1/2/2013,19:11,2.6583,192.29
1/2/2013,19:12,3.1031,187.95
1/2/2013,19:13,3.2229,185.4
1/2/2013,19:14,2.9808,184.49
1/2/2013,19:15,2.853,181.72
1/2/2013,19:16,2.6373,177.16
1/2/2013,19:17,2.31,169.86
1/2/2013,19:18,2.239,171.47
1/2/2013,19:19,2.2366,176.02
1/2/2013,19:20,1.6743,190.04
1/2/2013,19:21,1.4805,227.06
1/2/2013,19:22,2.2763,288.41
1/2/2013,19:23,2.0357,282.04
1/2/2013,19:24,1.6705,282.92
1/2/2013,19:25,1.8291,280.18
1/2/2013,19:26,1.5459,281.59
1/2/2013,19:27,1.8849,268.66
1/2/2013,19:28,1.3006,258.99
1/2/2013,19:29,1.4034,259.96
1/2/2013,19:30,1.5933,251.14
1/2/2013,19:31,1.6204,247.85
1/2/2013,19:32,1.0751,246.64
1/2/2013,19:33,1.2445,256.93
1/2/2013,19:34,1.2706,252.87
1/2/2013,19:35,0.98662,244.13
1/2/2013,19:36,0.88722,240.77
1/2/2013,19:37,0.8254,252.15
1/2/2013,19:38,0.65873,245.54
1/2/2013,19:39,0.41033,238.28
1/2/2013,19:40,0.27146,216.17
1/2/2013,19:41,0.3749,239.85
1/2/2013,19:42,0.36152,238.97
1/2/2013,19:43,0.29662,248.34
1/2/2013,19:44,0.27334,268.35
1/2/2013,19:45,0.7049,228.65
1/2/2013,19:46,0.29994,273.74
1/2/2013,19:47,0.27187,338.95
1/2/2013,19:48,0.271,10.311
1/2/2013,19:49,0.271,63.706
1/2/2013,19:50,0.271,71.243
1/2/2013,19:51,1.128,237.09
1/2/2013,19:52,1.573,250.93
1/2/2013,19:53,0.61726,245.27
1/2/2013,19:54,1.1149,218.83
1/2/2013,19:55,1.6467,226.48
1/2/2013,19:56,1.5283,231.62
1/2/2013,19:57,1.5935,237.8
1/2/2013,19:58,1.4069,246.64
1/2/2013,19:59,1.0487,252.58
1/2/2013,20:00,0.83318,254.21
1/2/2013,20:01,0.48663,266.85
1/2/2013,20:02,0.34897,271.14
1/2/2013,20:03,0.31177,279.52
1/2/2013,20:04,0.40081,305.94
1/2/2013,20:05,0.82808,290.51
1/2/2013,20:06,1.4984,271.18
1/2/2013,20:07,1.7004,278.6
1/2/2013,20:08,1.2835,286.26
1/2/2013,20:09,0.89026,294.31
1/2/2013,20:10,0.67746,301.45
1/2/2013,20:11,0.35703,307.37
1/2/2013,20:12,0.28891,307.8
1/2/2013,20:13,0.28266,302.29
1/2/2013,20:14,0.2914,316.26
1/2/2013,20:15,1.5325,171.47
1/2/2013,20:16,2.4006,168.38
1/2/2013,20:17,2.1614,158.18
1/2/2013,20:18,1.6928,152.6
1/2/2013,20:19,1.3731,158.81
1/2/2013,20:20,1.0702,160.91
1/2/2013,20:21,1.2596,154.45
1/2/2013,20:22,1.0467,175.8
1/2/2013,20:23,0.87075,170.04
1/2/2013,20:24,0.88628,164.38
1/2/2013,20:25,0.99752,223.69
1/2/2013,20:26,0.95346,243.51
1/2/2013,20:27,1.2845,246.08
1/2/2013,20:28,0.95635,273.39
1/2/2013,20:29,0.74628,259.74
1/2/2013,20:30,1.5053,264.99
1/2/2013,20:31,1.4437,238.66
1/2/2013,20:32,1.8474,256.86
1/2/2013,20:33,1.9978,252.59
1/2/2013,20:34,1.803,236.72
1/2/2013,20:35,1.4657,250.91
1/2/2013,20:36,1.5369,273.12
1/2/2013,20:37,1.7276,284.45
1/2/2013,20:38,2.1354,283.12
1/2/2013,20:39,2.1771,280.48
1/2/2013,20:40,2.5664,287.16
1/2/2013,20:41,2.4434,286.47
1/2/2013,20:42,2.2626,281.3
1/2/2013,20:43,2.0648,282.28
1/2/2013,20:44,1.9123,275.92
1/2/2013,20:45,1.8004,277.28
1/2/2013,20:46,1.7555,290.92
1/2/2013,20:47,1.7459,293.66
1/2/2013,20:48,3.3917,299.58
1/2/2013,20:49,3.3689,297.36
1/2/2013,20:50,2.9696,304.1
1/2/2013,20:51,2.3811,296.13
1/2/2013,20:52,2.7663,297.06
1/2/2013,20:53,2.7957,294.89
1/2/2013,20:54,3.4166,298.96
1/2/2013,20:55,3.1785,298.06
1/2/2013,20:56,3.3934,297.94
1/2/2013,20:57,4.0701,299.42
1/2/2013,20:58,4.238,306.72
1/2/2013,20:59,3.8678,310.05
1/2/2013,21:00,3.5909,327.08
1/2/2013,21:01,3.0543,328.88
1/2/2013,21:02,2.8694,330.99
1/2/2013,21:03,3.4124,311.15
1/2/2013,21:04,4.122,303.59
1/2/2013,21:05,5.1321,306.73
1/2/2013,21:06,4.1607,318.33
1/2/2013,21:07,3.9166,306.33
1/2/2013,21:08,4.3499,305.72
1/2/2013,21:09,4.0847,313.75
1/2/2013,21:10,4.1045,325.38
1/2/2013,21:11,4.144,333.81
1/2/2013,21:12,4.8821,343.54
1/2/2013,21:13,3.8814,331.51
1/2/2013,21:14,3.2773,305.02
1/2/2013,21:15,3.8399,301.04
1/2/2013,21:16,4.5721,305.92
1/2/2013,21:17,4.22,298.55
1/2/2013,21:18,4.258,291.89
1/2/2013,21:19,4.4217,292.37
1/2/2013,21:20,3.605,305.16
1/2/2013,21:21,2.8528,318
1/2/2013,21:22,3.186,310.46
1/2/2013,21:23,3.3871,309.69
1/2/2013,21:24,3.2034,317.3
1/2/2013,21:25,3.3076,315.7
1/2/2013,21:26,3.4416,317.98
1/2/2013,21:27,4.0087,319.74
1/2/2013,21:28,4.3648,322.96
1/2/2013,21:29,3.5325,317.69
1/2/2013,21:30,4.9008,324.23
1/2/2013,21:31,4.6932,314.77
1/2/2013,21:32,4.3747,321.02
1/2/2013,21:33,4.0499,319.2
1/2/2013,21:34,3.6032,334.9
1/2/2013,21:35,5.4489,339.39
1/2/2013,21:36,4.7127,341.25
1/2/2013,21:37,4.0288,337.19
1/2/2013,21:38,3.4622,335.82
1/2/2013,21:39,3.8722,337.33
1/2/2013,21:40,4.3035,336.24
1/2/2013,21:41,5.1108,329.42
1/2/2013,21:42,4.139,317.74
1/2/2013,21:43,3.847,322.86
1/2/2013,21:44,3.4077,324.84
1/2/2013,21:45,3.3874,327.29
1/2/2013,21:46,3.8856,326.3
1/2/2013,21:47,4.6882,326.87
1/2/2013,21:48,4.303,331.23
1/2/2013,21:49,4.4214,331.21
1/2/2013,21:50,4.5926,323.35
1/2/2013,21:51,3.7631,335.03
1/2/2013,21:52,4.0903,332.62
1/2/2013,21:53,4.185,329.91
1/2/2013,21:54,4.0351,321.64
1/2/2013,21:55,4.4846,321.23
1/2/2013,21:56,4.5528,318.99
1/2/2013,21:57,4.3678,323.62
1/2/2013,21:58,4.3952,324.17
1/2/2013,21:59,4.1732,322.62
1/2/2013,22:00,4.6683,310.55
1/2/2013,22:01,4.4718,311.75
1/2/2013,22:02,4.3184,307.37
1/2/2013,22:03,4.187,319.84
1/2/2013,22:04,4.6663,323.97
1/2/2013,22:05,4.7737,324.38
1/2/2013,22:06,3.9543,321.04
1/2/2013,22:07,4.2459,313.63
1/2/2013,22:08,3.9104,319.02
1/2/2013,22:09,3.6703,310.33
1/2/2013,22:10,4.1733,323.12
1/2/2013,22:11,3.6827,309.34
1/2/2013,22:12,3.5058,324.74
1/2/2013,22:13,3.6336,328.44
1/2/2013,22:14,2.947,328.38
1/2/2013,22:15,3.0499,327.84
1/2/2013,22:16,2.874,334.22
1/2/2013,22:17,2.3107,321.41
1/2/2013,22:18,2.0702,330.76
1/2/2013,22:19,1.9949,346.57
1/2/2013,22:20,2.4312,343
1/2/2013,22:21,2.074,311.3
1/2/2013,22:22,1.3705,315.11
1/2/2013,22:23,0.57084,301.08
1/2/2013,22:24,0.70133,271.41
1/2/2013,22:25,0.56042,254.23
1/2/2013,22:26,0.36172,260.22
1/2/2013,22:27,0.271,237.85
1/2/2013,22:28,0.27667,254.18
1/2/2013,22:29,0.32726,262.21
1/2/2013,22:30,0.38765,266.24
1/2/2013,22:31,0.90677,260.98
1/2/2013,22:32,0.82016,259.88
1/2/2013,22:33,0.75705,264.69
1/2/2013,22:34,1.0858,280.66
1/2/2013,22:35,1.3082,283.49
1/2/2013,22:36,1.1806,271.16
1/2/2013,22:37,1.4251,276.41
1/2/2013,22:38,1.6914,282.01
1/2/2013,22:39,1.6961,296.87
1/2/2013,22:40,1.8823,302.1
1/2/2013,22:41,1.9241,294.79
1/2/2013,22:42,1.9984,292.78
1/2/2013,22:43,2.249,301.34
1/2/2013,22:44,1.8271,291.72
1/2/2013,22:45,1.8314,295.01
1/2/2013,22:46,2.0007,286.91
1/2/2013,22:47,2.0491,306.15
1/2/2013,22:48,2.4745,298.88
1/2/2013,22:49,2.3849,280.74
1/2/2013,22:50,2.5428,289.53
1/2/2013,22:51,2.2485,294.05
1/2/2013,22:52,3.2312,294.5
1/2/2013,22:53,2.7264,292.28
1/2/2013,22:54,2.8247,291.79
1/2/2013,22:55,2.7061,293.25
1/2/2013,22:56,2.9701,283.28
1/2/2013,22:57,2.4539,283.86
1/2/2013,22:58,2.8389,288.43
1/2/2013,22:59,2.8919,284.36
1/2/2013,23:00,2.5963,285.85
1/2/2013,23:01,2.3114,273.52
1/2/2013,23:02,1.978,273.68
1/2/2013,23:03,1.9515,284.61
1/2/2013,23:04,2.1487,283.62
1/2/2013,23:05,2.9919,283.82
1/2/2013,23:06,2.4931,289.84
1/2/2013,23:07,2.6768,282.75
1/2/2013,23:08,2.9537,285.94
1/2/2013,23:09,2.6015,282.1
1/2/2013,23:10,2.135,291.78
1/2/2013,23:11,2.6533,287.38
1/2/2013,23:12,2.7532,292.24
1/2/2013,23:13,2.4976,286.68
1/2/2013,23:14,2.4122,302.07
1/2/2013,23:15,2.5349,291.29
1/2/2013,23:16,3.375,288
1/2/2013,23:17,2.6531,302.92
1/2/2013,23:18,2.5962,289.69
1/2/2013,23:19,2.8944,284.7
1/2/2013,23:20,2.7063,276.92
1/2/2013,23:21,3.1909,275.65
1/2/2013,23:22,3.6297,277.04
1/2/2013,23:23,2.8802,284.53
1/2/2013,23:24,3.0721,276.72
1/2/2013,23:25,2.1245,275.73
1/2/2013,23:26,2.2702,272.34
1/2/2013,23:27,2.7298,275.81
1/2/2013,23:28,2.4655,282.6
1/2/2013,23:29,2.7592,283.57
1/2/2013,23:30,2.7884,286.11
1/2/2013,23:31,2.6622,278.3
1/2/2013,23:32,2.7522,278.68
1/2/2013,23:33,2.9388,281.57
1/2/2013,23:34,2.3663,280.55
1/2/2013,23:35,2.4475,279.01
1/2/2013,23:36,2.0937,276.77
1/2/2013,23:37,1.8858,279.95
1/2/2013,23:38,2.1008,274.09
1/2/2013,23:39,2.1886,283.6
1/2/2013,23:40,2.9501,272.23
1/2/2013,23:41,3.3426,285.03
1/2/2013,23:42,2.7894,290.51
1/2/2013,23:43,2.0621,295.58
1/2/2013,23:44,1.7652,281.66
1/2/2013,23:45,2.5635,280.71
1/2/2013,23:46,2.2909,291.11
1/2/2013,23:47,2.0301,283.44
1/2/2013,23:48,2.1102,277.67
1/2/2013,23:49,2.665,275.38
1/2/2013,23:50,2.1888,288.58
1/2/2013,23:51,2.8209,297.8
1/2/2013,23:52,2.7748,282.6
1/2/2013,23:53,2.5821,274.99
1/2/2013,23:54,2.3888,279.69
1/2/2013,23:55,2.6253,281.88
1/2/2013,23:56,2.2345,270.88